discovery_run,source,query,query_translation,retrieved_at_utc,pmc_uid,pmcid,pmid,doi,title,pubdate,existing_48_candidate,automated_scope_flag
DISC-2026-07-29-PMC-01,NCBI ESearch db=pmc,"(""2026/07/01""[Publication Date] : ""2026/07/29""[Publication Date]) AND open_access[filter] AND ""cohort study""[Title] AND (cardiovascular[Title] OR metabolic[Title] OR diabetes[Title] OR coronary[Title] OR stroke[Title] OR ""heart failure""[Title])","2026/07/01:2026/07/29[Date - Publication] AND ""open access""[Filter] AND ""cohort study""[Title] AND (""cardiovascular""[Title] OR ""metabolic""[Title] OR ""diabetes""[Title] OR ""coronary""[Title] OR ""stroke""[Title] OR ""heart failure""[Title])",2026-07-29T20:43:36+00:00,13412647,PMC13412647,,10.1097/hc9.0000000000001013,The risk of cardiovascular events in metabolic dysfunction-associated steatotic liver disease according to fibrosis stage and diabetes status: A cohort study.,2026 Aug 1,no,requires_full_text_screen
DISC-2026-07-29-PMC-01,NCBI ESearch db=pmc,"(""2026/07/01""[Publication Date] : ""2026/07/29""[Publication Date]) AND open_access[filter] AND ""cohort study""[Title] AND (cardiovascular[Title] OR metabolic[Title] OR diabetes[Title] OR coronary[Title] OR stroke[Title] OR ""heart failure""[Title])","2026/07/01:2026/07/29[Date - Publication] AND ""open access""[Filter] AND ""cohort study""[Title] AND (""cardiovascular""[Title] OR ""metabolic""[Title] OR ""diabetes""[Title] OR ""coronary""[Title] OR ""stroke""[Title] OR ""heart failure""[Title])",2026-07-29T20:43:36+00:00,13412876,PMC13412876,,10.3390/jcm15145695,Carotid Plaques and Type 2 Diabetes as Predictors of Cardiovascular Events and Mortality: Insights from the LitHiR Prospective Cohort Study.,2026 Jul 21,no,requires_full_text_screen
DISC-2026-07-29-PMC-01,NCBI ESearch db=pmc,"(""2026/07/01""[Publication Date] : ""2026/07/29""[Publication Date]) AND open_access[filter] AND ""cohort study""[Title] AND (cardiovascular[Title] OR metabolic[Title] OR diabetes[Title] OR coronary[Title] OR stroke[Title] OR ""heart failure""[Title])","2026/07/01:2026/07/29[Date - Publication] AND ""open access""[Filter] AND ""cohort study""[Title] AND (""cardiovascular""[Title] OR ""metabolic""[Title] OR ""diabetes""[Title] OR ""coronary""[Title] OR ""stroke""[Title] OR ""heart failure""[Title])",2026-07-29T20:43:36+00:00,13413080,PMC13413080,,10.3390/jcm15145671,Patient-Level Multidimensional Response Phenotypes in Obesity-Associated Type 2 Diabetes: A 12-Month Real-World Cohort Study.,2026 Jul 20,no,requires_full_text_screen
DISC-2026-07-29-PMC-01,NCBI ESearch db=pmc,"(""2026/07/01""[Publication Date] : ""2026/07/29""[Publication Date]) AND open_access[filter] AND ""cohort study""[Title] AND (cardiovascular[Title] OR metabolic[Title] OR diabetes[Title] OR coronary[Title] OR stroke[Title] OR ""heart failure""[Title])","2026/07/01:2026/07/29[Date - Publication] AND ""open access""[Filter] AND ""cohort study""[Title] AND (""cardiovascular""[Title] OR ""metabolic""[Title] OR ""diabetes""[Title] OR ""coronary""[Title] OR ""stroke""[Title] OR ""heart failure""[Title])",2026-07-29T20:43:36+00:00,13412813,PMC13412813,,10.3390/jcm15145627,Real-World Attainment of Guideline-Recommended Lipid Targets in Patients with High and Very High Cardiovascular Risk: A Prospective 12-Month Observational Cohort Study.,2026 Jul 17,no,requires_full_text_screen
DISC-2026-07-29-PMC-01,NCBI ESearch db=pmc,"(""2026/07/01""[Publication Date] : ""2026/07/29""[Publication Date]) AND open_access[filter] AND ""cohort study""[Title] AND (cardiovascular[Title] OR metabolic[Title] OR diabetes[Title] OR coronary[Title] OR stroke[Title] OR ""heart failure""[Title])","2026/07/01:2026/07/29[Date - Publication] AND ""open access""[Filter] AND ""cohort study""[Title] AND (""cardiovascular""[Title] OR ""metabolic""[Title] OR ""diabetes""[Title] OR ""coronary""[Title] OR ""stroke""[Title] OR ""heart failure""[Title])",2026-07-29T20:43:36+00:00,13411413,PMC13411413,,10.3390/jcm15145453,Association Between Metabolic Dysfunction-Associated Steatotic Liver Disease and Risk of Aortic Aneurysm and Dissection: A Nationwide Cohort Study.,2026 Jul 12,yes,requires_full_text_screen
DISC-2026-07-29-PMC-01,NCBI ESearch db=pmc,"(""2026/07/01""[Publication Date] : ""2026/07/29""[Publication Date]) AND open_access[filter] AND ""cohort study""[Title] AND (cardiovascular[Title] OR metabolic[Title] OR diabetes[Title] OR coronary[Title] OR stroke[Title] OR ""heart failure""[Title])","2026/07/01:2026/07/29[Date - Publication] AND ""open access""[Filter] AND ""cohort study""[Title] AND (""cardiovascular""[Title] OR ""metabolic""[Title] OR ""diabetes""[Title] OR ""coronary""[Title] OR ""stroke""[Title] OR ""heart failure""[Title])",2026-07-29T20:43:36+00:00,13410559,PMC13410559,,10.3390/jcm15145394,"Sleep Disturbances, Metabolic Markers, and Outcomes After Stroke: A Retrospective Cohort Study in a Tertiary Hospital.",2026 Jul 9,no,requires_full_text_screen
DISC-2026-07-29-PMC-01,NCBI ESearch db=pmc,"(""2026/07/01""[Publication Date] : ""2026/07/29""[Publication Date]) AND open_access[filter] AND ""cohort study""[Title] AND (cardiovascular[Title] OR metabolic[Title] OR diabetes[Title] OR coronary[Title] OR stroke[Title] OR ""heart failure""[Title])","2026/07/01:2026/07/29[Date - Publication] AND ""open access""[Filter] AND ""cohort study""[Title] AND (""cardiovascular""[Title] OR ""metabolic""[Title] OR ""diabetes""[Title] OR ""coronary""[Title] OR ""stroke""[Title] OR ""heart failure""[Title])",2026-07-29T20:43:36+00:00,13411797,PMC13411797,,10.3390/healthcare14142221,QuantiFERON-TB Gold Plus Conversion Among Healthcare Workers: A Retrospective Cohort Study on Occupational and Metabolic Factors.,2026 Jul 22,no,requires_full_text_screen
DISC-2026-07-29-PMC-01,NCBI ESearch db=pmc,"(""2026/07/01""[Publication Date] : ""2026/07/29""[Publication Date]) AND open_access[filter] AND ""cohort study""[Title] AND (cardiovascular[Title] OR metabolic[Title] OR diabetes[Title] OR coronary[Title] OR stroke[Title] OR ""heart failure""[Title])","2026/07/01:2026/07/29[Date - Publication] AND ""open access""[Filter] AND ""cohort study""[Title] AND (""cardiovascular""[Title] OR ""metabolic""[Title] OR ""diabetes""[Title] OR ""coronary""[Title] OR ""stroke""[Title] OR ""heart failure""[Title])",2026-07-29T20:43:36+00:00,13411224,PMC13411224,,10.3390/healthcare14142043,Joint Association of Functional Impairment and Depression with Advanced Cardiovascular-Kidney-Metabolic Syndrome: A Cross-Sectional and Cohort Study Using Two Large Datasets.,2026 Jul 8,no,exclude_title:cross_sectional
DISC-2026-07-29-PMC-01,NCBI ESearch db=pmc,"(""2026/07/01""[Publication Date] : ""2026/07/29""[Publication Date]) AND open_access[filter] AND ""cohort study""[Title] AND (cardiovascular[Title] OR metabolic[Title] OR diabetes[Title] OR coronary[Title] OR stroke[Title] OR ""heart failure""[Title])","2026/07/01:2026/07/29[Date - Publication] AND ""open access""[Filter] AND ""cohort study""[Title] AND (""cardiovascular""[Title] OR ""metabolic""[Title] OR ""diabetes""[Title] OR ""coronary""[Title] OR ""stroke""[Title] OR ""heart failure""[Title])",2026-07-29T20:43:36+00:00,13408700,PMC13408700,,10.1038/s41598-026-63006-z,Association of the cardiometabolic index and depressive symptoms with cardiovascular disease in cardiovascular-kidney-metabolic syndrome stages 0-3: A prospective cohort study.,2026 Jul 24,no,requires_full_text_screen
DISC-2026-07-29-PMC-01,NCBI ESearch db=pmc,"(""2026/07/01""[Publication Date] : ""2026/07/29""[Publication Date]) AND open_access[filter] AND ""cohort study""[Title] AND (cardiovascular[Title] OR metabolic[Title] OR diabetes[Title] OR coronary[Title] OR stroke[Title] OR ""heart failure""[Title])","2026/07/01:2026/07/29[Date - Publication] AND ""open access""[Filter] AND ""cohort study""[Title] AND (""cardiovascular""[Title] OR ""metabolic""[Title] OR ""diabetes""[Title] OR ""coronary""[Title] OR ""stroke""[Title] OR ""heart failure""[Title])",2026-07-29T20:43:36+00:00,13409092,PMC13409092,,10.1136/openhrt-2026-004236,BMI-based prediction models for short-term and long-term mortality following coronary artery bypass grafting using the MIMIC-IV database: a retrospective cohort study.,2026 Jul 27,no,exclude_title:prediction_or_ml
DISC-2026-07-29-PMC-01,NCBI ESearch db=pmc,"(""2026/07/01""[Publication Date] : ""2026/07/29""[Publication Date]) AND open_access[filter] AND ""cohort study""[Title] AND (cardiovascular[Title] OR metabolic[Title] OR diabetes[Title] OR coronary[Title] OR stroke[Title] OR ""heart failure""[Title])","2026/07/01:2026/07/29[Date - Publication] AND ""open access""[Filter] AND ""cohort study""[Title] AND (""cardiovascular""[Title] OR ""metabolic""[Title] OR ""diabetes""[Title] OR ""coronary""[Title] OR ""stroke""[Title] OR ""heart failure""[Title])",2026-07-29T20:43:36+00:00,13410022,PMC13410022,,10.3390/jcdd13070320,Lipoprotein(a) and Adverse Outcomes After Successful Percutaneous Coronary Intervention for Chronic Total Occlusion: A Single-Center Retrospective Cohort Study.,2026 Jul 9,no,requires_full_text_screen
DISC-2026-07-29-PMC-01,NCBI ESearch db=pmc,"(""2026/07/01""[Publication Date] : ""2026/07/29""[Publication Date]) AND open_access[filter] AND ""cohort study""[Title] AND (cardiovascular[Title] OR metabolic[Title] OR diabetes[Title] OR coronary[Title] OR stroke[Title] OR ""heart failure""[Title])","2026/07/01:2026/07/29[Date - Publication] AND ""open access""[Filter] AND ""cohort study""[Title] AND (""cardiovascular""[Title] OR ""metabolic""[Title] OR ""diabetes""[Title] OR ""coronary""[Title] OR ""stroke""[Title] OR ""heart failure""[Title])",2026-07-29T20:43:36+00:00,13410539,PMC13410539,,10.1080/07853890.2026.2703887,Gestational cardiovascular health and adverse pregnancy outcomes: a prospective cohort study in China.,2026 Dec,no,requires_full_text_screen
DISC-2026-07-29-PMC-01,NCBI ESearch db=pmc,"(""2026/07/01""[Publication Date] : ""2026/07/29""[Publication Date]) AND open_access[filter] AND ""cohort study""[Title] AND (cardiovascular[Title] OR metabolic[Title] OR diabetes[Title] OR coronary[Title] OR stroke[Title] OR ""heart failure""[Title])","2026/07/01:2026/07/29[Date - Publication] AND ""open access""[Filter] AND ""cohort study""[Title] AND (""cardiovascular""[Title] OR ""metabolic""[Title] OR ""diabetes""[Title] OR ""coronary""[Title] OR ""stroke""[Title] OR ""heart failure""[Title])",2026-07-29T20:43:36+00:00,13403199,PMC13403199,,10.3389/fendo.2026.1914586,Correction: Triglyceride-glucose index and subclinical left ventricular dysfunction across cardiovascular-kidney-metabolic syndrome stages: a 7-year retrospective cohort study.,2026,no,requires_full_text_screen
DISC-2026-07-29-PMC-01,NCBI ESearch db=pmc,"(""2026/07/01""[Publication Date] : ""2026/07/29""[Publication Date]) AND open_access[filter] AND ""cohort study""[Title] AND (cardiovascular[Title] OR metabolic[Title] OR diabetes[Title] OR coronary[Title] OR stroke[Title] OR ""heart failure""[Title])","2026/07/01:2026/07/29[Date - Publication] AND ""open access""[Filter] AND ""cohort study""[Title] AND (""cardiovascular""[Title] OR ""metabolic""[Title] OR ""diabetes""[Title] OR ""coronary""[Title] OR ""stroke""[Title] OR ""heart failure""[Title])",2026-07-29T20:43:36+00:00,13403324,PMC13403324,,10.3389/fendo.2026.1857196,Thyroid feedback quantile-based index predicts 90-day all-cause mortality or readmission in hospitalized heart failure patients: a retrospective cohort study.,2026,no,requires_full_text_screen
DISC-2026-07-29-PMC-01,NCBI ESearch db=pmc,"(""2026/07/01""[Publication Date] : ""2026/07/29""[Publication Date]) AND open_access[filter] AND ""cohort study""[Title] AND (cardiovascular[Title] OR metabolic[Title] OR diabetes[Title] OR coronary[Title] OR stroke[Title] OR ""heart failure""[Title])","2026/07/01:2026/07/29[Date - Publication] AND ""open access""[Filter] AND ""cohort study""[Title] AND (""cardiovascular""[Title] OR ""metabolic""[Title] OR ""diabetes""[Title] OR ""coronary""[Title] OR ""stroke""[Title] OR ""heart failure""[Title])",2026-07-29T20:43:36+00:00,13402206,PMC13402206,,10.3389/fnut.2026.1863689,Elevated preoperative red cell distribution width and incident anemia after metabolic and bariatric surgery: a cohort study.,2026,no,requires_full_text_screen
DISC-2026-07-29-PMC-01,NCBI ESearch db=pmc,"(""2026/07/01""[Publication Date] : ""2026/07/29""[Publication Date]) AND open_access[filter] AND ""cohort study""[Title] AND (cardiovascular[Title] OR metabolic[Title] OR diabetes[Title] OR coronary[Title] OR stroke[Title] OR ""heart failure""[Title])","2026/07/01:2026/07/29[Date - Publication] AND ""open access""[Filter] AND ""cohort study""[Title] AND (""cardiovascular""[Title] OR ""metabolic""[Title] OR ""diabetes""[Title] OR ""coronary""[Title] OR ""stroke""[Title] OR ""heart failure""[Title])",2026-07-29T20:43:36+00:00,13402149,PMC13402149,,10.3389/fnut.2026.1877513,WCRF/AICR dietary adherence-associated metabolic bridge phenotypes and incident lung cancer risk: a prospective cohort study of the UK Biobank.,2026,no,requires_full_text_screen
DISC-2026-07-29-PMC-01,NCBI ESearch db=pmc,"(""2026/07/01""[Publication Date] : ""2026/07/29""[Publication Date]) AND open_access[filter] AND ""cohort study""[Title] AND (cardiovascular[Title] OR metabolic[Title] OR diabetes[Title] OR coronary[Title] OR stroke[Title] OR ""heart failure""[Title])","2026/07/01:2026/07/29[Date - Publication] AND ""open access""[Filter] AND ""cohort study""[Title] AND (""cardiovascular""[Title] OR ""metabolic""[Title] OR ""diabetes""[Title] OR ""coronary""[Title] OR ""stroke""[Title] OR ""heart failure""[Title])",2026-07-29T20:43:36+00:00,13403153,PMC13403153,,10.1002/clc.70422,The Predictive Value of Platelet-to-Lymphocyte Ratio Before and After Percutaneous Coronary Intervention in Patients With Acute ST-Segment Elevation Myocardial Infarction: A Retrospective Cohort Study in Palestine.,2026 Jul,no,requires_full_text_screen
DISC-2026-07-29-PMC-01,NCBI ESearch db=pmc,"(""2026/07/01""[Publication Date] : ""2026/07/29""[Publication Date]) AND open_access[filter] AND ""cohort study""[Title] AND (cardiovascular[Title] OR metabolic[Title] OR diabetes[Title] OR coronary[Title] OR stroke[Title] OR ""heart failure""[Title])","2026/07/01:2026/07/29[Date - Publication] AND ""open access""[Filter] AND ""cohort study""[Title] AND (""cardiovascular""[Title] OR ""metabolic""[Title] OR ""diabetes""[Title] OR ""coronary""[Title] OR ""stroke""[Title] OR ""heart failure""[Title])",2026-07-29T20:43:36+00:00,13404630,PMC13404630,,10.1136/bmjopen-2025-116166,Survival and predictors of major adverse cardiovascular events among patients with acute coronary syndrome in Ethiopia: a retrospective cohort study.,2026 Jul 24,no,requires_full_text_screen
DISC-2026-07-29-PMC-01,NCBI ESearch db=pmc,"(""2026/07/01""[Publication Date] : ""2026/07/29""[Publication Date]) AND open_access[filter] AND ""cohort study""[Title] AND (cardiovascular[Title] OR metabolic[Title] OR diabetes[Title] OR coronary[Title] OR stroke[Title] OR ""heart failure""[Title])","2026/07/01:2026/07/29[Date - Publication] AND ""open access""[Filter] AND ""cohort study""[Title] AND (""cardiovascular""[Title] OR ""metabolic""[Title] OR ""diabetes""[Title] OR ""coronary""[Title] OR ""stroke""[Title] OR ""heart failure""[Title])",2026-07-29T20:43:36+00:00,13405041,PMC13405041,,10.1136/bmjopen-2025-108156,Association of iron status during early pregnancy and the risk of gestational diabetes: a retrospective cohort study in Shanghai.,2026 Jul 21,no,requires_full_text_screen
DISC-2026-07-29-PMC-01,NCBI ESearch db=pmc,"(""2026/07/01""[Publication Date] : ""2026/07/29""[Publication Date]) AND open_access[filter] AND ""cohort study""[Title] AND (cardiovascular[Title] OR metabolic[Title] OR diabetes[Title] OR coronary[Title] OR stroke[Title] OR ""heart failure""[Title])","2026/07/01:2026/07/29[Date - Publication] AND ""open access""[Filter] AND ""cohort study""[Title] AND (""cardiovascular""[Title] OR ""metabolic""[Title] OR ""diabetes""[Title] OR ""coronary""[Title] OR ""stroke""[Title] OR ""heart failure""[Title])",2026-07-29T20:43:36+00:00,13401636,PMC13401636,,10.1177/17539447261469508,Combined diagnostic value of the systemic immune-inflammation index and LDL for coronary microvascular disease: a retrospective cohort study.,2026 Jan-Dec,no,requires_full_text_screen
DISC-2026-07-29-PMC-01,NCBI ESearch db=pmc,"(""2026/07/01""[Publication Date] : ""2026/07/29""[Publication Date]) AND open_access[filter] AND ""cohort study""[Title] AND (cardiovascular[Title] OR metabolic[Title] OR diabetes[Title] OR coronary[Title] OR stroke[Title] OR ""heart failure""[Title])","2026/07/01:2026/07/29[Date - Publication] AND ""open access""[Filter] AND ""cohort study""[Title] AND (""cardiovascular""[Title] OR ""metabolic""[Title] OR ""diabetes""[Title] OR ""coronary""[Title] OR ""stroke""[Title] OR ""heart failure""[Title])",2026-07-29T20:43:36+00:00,13400123,PMC13400123,,10.1016/j.jacadv.2026.102937,Cardiovascular Disease in Males With Breast Cancer: A Population-Based Cohort Study.,2026 Jul,no,requires_full_text_screen
DISC-2026-07-29-PMC-01,NCBI ESearch db=pmc,"(""2026/07/01""[Publication Date] : ""2026/07/29""[Publication Date]) AND open_access[filter] AND ""cohort study""[Title] AND (cardiovascular[Title] OR metabolic[Title] OR diabetes[Title] OR coronary[Title] OR stroke[Title] OR ""heart failure""[Title])","2026/07/01:2026/07/29[Date - Publication] AND ""open access""[Filter] AND ""cohort study""[Title] AND (""cardiovascular""[Title] OR ""metabolic""[Title] OR ""diabetes""[Title] OR ""coronary""[Title] OR ""stroke""[Title] OR ""heart failure""[Title])",2026-07-29T20:43:36+00:00,13400554,PMC13400554,,10.1093/jrr/rrag036,Diabetes mellitus as a potential risk factor for severe late toxicity after stereotactic body radiotherapy for prostate cancer: a large single-institution cohort study.,2026 Jul 24,no,requires_full_text_screen
DISC-2026-07-29-PMC-01,NCBI ESearch db=pmc,"(""2026/07/01""[Publication Date] : ""2026/07/29""[Publication Date]) AND open_access[filter] AND ""cohort study""[Title] AND (cardiovascular[Title] OR metabolic[Title] OR diabetes[Title] OR coronary[Title] OR stroke[Title] OR ""heart failure""[Title])","2026/07/01:2026/07/29[Date - Publication] AND ""open access""[Filter] AND ""cohort study""[Title] AND (""cardiovascular""[Title] OR ""metabolic""[Title] OR ""diabetes""[Title] OR ""coronary""[Title] OR ""stroke""[Title] OR ""heart failure""[Title])",2026-07-29T20:43:36+00:00,13395699,PMC13395699,,10.3389/fmed.2026.1899226,A precise oral glucose loading (18)F-FDG PET myocardial metabolic imaging protocol in coronary artery disease patients complicated by diabetes mellitus: an exploratory prospective cohort study.,2026,no,requires_full_text_screen
DISC-2026-07-29-PMC-01,NCBI ESearch db=pmc,"(""2026/07/01""[Publication Date] : ""2026/07/29""[Publication Date]) AND open_access[filter] AND ""cohort study""[Title] AND (cardiovascular[Title] OR metabolic[Title] OR diabetes[Title] OR coronary[Title] OR stroke[Title] OR ""heart failure""[Title])","2026/07/01:2026/07/29[Date - Publication] AND ""open access""[Filter] AND ""cohort study""[Title] AND (""cardiovascular""[Title] OR ""metabolic""[Title] OR ""diabetes""[Title] OR ""coronary""[Title] OR ""stroke""[Title] OR ""heart failure""[Title])",2026-07-29T20:43:36+00:00,13395614,PMC13395614,,10.3389/fneur.2026.1864966,"Dietary background, serum polyunsaturated fatty acid profiles, and 1-year outcomes after large-artery atherosclerotic stroke: a multicenter cohort study.",2026,no,requires_full_text_screen
DISC-2026-07-29-PMC-01,NCBI ESearch db=pmc,"(""2026/07/01""[Publication Date] : ""2026/07/29""[Publication Date]) AND open_access[filter] AND ""cohort study""[Title] AND (cardiovascular[Title] OR metabolic[Title] OR diabetes[Title] OR coronary[Title] OR stroke[Title] OR ""heart failure""[Title])","2026/07/01:2026/07/29[Date - Publication] AND ""open access""[Filter] AND ""cohort study""[Title] AND (""cardiovascular""[Title] OR ""metabolic""[Title] OR ""diabetes""[Title] OR ""coronary""[Title] OR ""stroke""[Title] OR ""heart failure""[Title])",2026-07-29T20:43:36+00:00,13398692,PMC13398692,,10.1093/esj/aakag086,Rehabilitation utilisation up to 24 months after stroke: a register-based cohort study in southern Sweden.,2026 Jul 6,no,requires_full_text_screen
DISC-2026-07-29-PMC-01,NCBI ESearch db=pmc,"(""2026/07/01""[Publication Date] : ""2026/07/29""[Publication Date]) AND open_access[filter] AND ""cohort study""[Title] AND (cardiovascular[Title] OR metabolic[Title] OR diabetes[Title] OR coronary[Title] OR stroke[Title] OR ""heart failure""[Title])","2026/07/01:2026/07/29[Date - Publication] AND ""open access""[Filter] AND ""cohort study""[Title] AND (""cardiovascular""[Title] OR ""metabolic""[Title] OR ""diabetes""[Title] OR ""coronary""[Title] OR ""stroke""[Title] OR ""heart failure""[Title])",2026-07-29T20:43:36+00:00,13396883,PMC13396883,,10.1002/brb3.71620,Comparison of Diagnostic Criteria for Severe Ischemic Stroke: A Retrospective Cohort Study.,2026 Jul,no,requires_full_text_screen
DISC-2026-07-29-PMC-01,NCBI ESearch db=pmc,"(""2026/07/01""[Publication Date] : ""2026/07/29""[Publication Date]) AND open_access[filter] AND ""cohort study""[Title] AND (cardiovascular[Title] OR metabolic[Title] OR diabetes[Title] OR coronary[Title] OR stroke[Title] OR ""heart failure""[Title])","2026/07/01:2026/07/29[Date - Publication] AND ""open access""[Filter] AND ""cohort study""[Title] AND (""cardiovascular""[Title] OR ""metabolic""[Title] OR ""diabetes""[Title] OR ""coronary""[Title] OR ""stroke""[Title] OR ""heart failure""[Title])",2026-07-29T20:43:36+00:00,13397952,PMC13397952,,10.20945/2359-4292-2026-0076,GLP-1 receptor agonists in kidney transplant recipients with post-transplant diabetes: efficacy and safety outcomes from a retrospective cohort study.,2026 Jul 22,no,requires_full_text_screen
DISC-2026-07-29-PMC-01,NCBI ESearch db=pmc,"(""2026/07/01""[Publication Date] : ""2026/07/29""[Publication Date]) AND open_access[filter] AND ""cohort study""[Title] AND (cardiovascular[Title] OR metabolic[Title] OR diabetes[Title] OR coronary[Title] OR stroke[Title] OR ""heart failure""[Title])","2026/07/01:2026/07/29[Date - Publication] AND ""open access""[Filter] AND ""cohort study""[Title] AND (""cardiovascular""[Title] OR ""metabolic""[Title] OR ""diabetes""[Title] OR ""coronary""[Title] OR ""stroke""[Title] OR ""heart failure""[Title])",2026-07-29T20:43:36+00:00,13391297,PMC13391297,,10.3389/fimmu.2026.1882018,Association between neutrophil percentage-to-albumin ratio and adverse clinical outcomes after successful percutaneous coronary intervention for chronic total occlusion: a cohort study.,2026,no,requires_full_text_screen
DISC-2026-07-29-PMC-01,NCBI ESearch db=pmc,"(""2026/07/01""[Publication Date] : ""2026/07/29""[Publication Date]) AND open_access[filter] AND ""cohort study""[Title] AND (cardiovascular[Title] OR metabolic[Title] OR diabetes[Title] OR coronary[Title] OR stroke[Title] OR ""heart failure""[Title])","2026/07/01:2026/07/29[Date - Publication] AND ""open access""[Filter] AND ""cohort study""[Title] AND (""cardiovascular""[Title] OR ""metabolic""[Title] OR ""diabetes""[Title] OR ""coronary""[Title] OR ""stroke""[Title] OR ""heart failure""[Title])",2026-07-29T20:43:36+00:00,13393584,PMC13393584,,10.1016/j.jtumed.2026.07.003,Effect of dapagliflozin on mineral homeostasis in patients with type 2 diabetes: A real-world retrospective cohort study.,2026 Aug,no,requires_full_text_screen
DISC-2026-07-29-PMC-01,NCBI ESearch db=pmc,"(""2026/07/01""[Publication Date] : ""2026/07/29""[Publication Date]) AND open_access[filter] AND ""cohort study""[Title] AND (cardiovascular[Title] OR metabolic[Title] OR diabetes[Title] OR coronary[Title] OR stroke[Title] OR ""heart failure""[Title])","2026/07/01:2026/07/29[Date - Publication] AND ""open access""[Filter] AND ""cohort study""[Title] AND (""cardiovascular""[Title] OR ""metabolic""[Title] OR ""diabetes""[Title] OR ""coronary""[Title] OR ""stroke""[Title] OR ""heart failure""[Title])",2026-07-29T20:43:36+00:00,13393562,PMC13393562,,10.1016/j.ijcha.2026.101977,"Associations of NLR, MLR, and (neutrophil + monocyte)/lymphocyte ratio with 30-day mortality in diabetic ICU patients with heart failure: A retrospective cohort study.",2026 Aug,no,requires_full_text_screen
DISC-2026-07-29-PMC-01,NCBI ESearch db=pmc,"(""2026/07/01""[Publication Date] : ""2026/07/29""[Publication Date]) AND open_access[filter] AND ""cohort study""[Title] AND (cardiovascular[Title] OR metabolic[Title] OR diabetes[Title] OR coronary[Title] OR stroke[Title] OR ""heart failure""[Title])","2026/07/01:2026/07/29[Date - Publication] AND ""open access""[Filter] AND ""cohort study""[Title] AND (""cardiovascular""[Title] OR ""metabolic""[Title] OR ""diabetes""[Title] OR ""coronary""[Title] OR ""stroke""[Title] OR ""heart failure""[Title])",2026-07-29T20:43:36+00:00,13395440,PMC13395440,,10.1371/journal.pone.0354691,Functional-level analysis of post-stroke social participation: A nationwide cohort study using the ICF framework.,2026,no,requires_full_text_screen
DISC-2026-07-29-PMC-01,NCBI ESearch db=pmc,"(""2026/07/01""[Publication Date] : ""2026/07/29""[Publication Date]) AND open_access[filter] AND ""cohort study""[Title] AND (cardiovascular[Title] OR metabolic[Title] OR diabetes[Title] OR coronary[Title] OR stroke[Title] OR ""heart failure""[Title])","2026/07/01:2026/07/29[Date - Publication] AND ""open access""[Filter] AND ""cohort study""[Title] AND (""cardiovascular""[Title] OR ""metabolic""[Title] OR ""diabetes""[Title] OR ""coronary""[Title] OR ""stroke""[Title] OR ""heart failure""[Title])",2026-07-29T20:43:36+00:00,13395082,PMC13395082,,10.1093/oncolo/oyag268,GLP-1 receptor agonist use and overall survival among women with type 2 diabetes and breast cancer: a retrospective cohort study.,2026 Jul 8,no,requires_full_text_screen
DISC-2026-07-29-PMC-01,NCBI ESearch db=pmc,"(""2026/07/01""[Publication Date] : ""2026/07/29""[Publication Date]) AND open_access[filter] AND ""cohort study""[Title] AND (cardiovascular[Title] OR metabolic[Title] OR diabetes[Title] OR coronary[Title] OR stroke[Title] OR ""heart failure""[Title])","2026/07/01:2026/07/29[Date - Publication] AND ""open access""[Filter] AND ""cohort study""[Title] AND (""cardiovascular""[Title] OR ""metabolic""[Title] OR ""diabetes""[Title] OR ""coronary""[Title] OR ""stroke""[Title] OR ""heart failure""[Title])",2026-07-29T20:43:36+00:00,13394890,PMC13394890,,10.1002/acn3.70473,Predictive Value of Composite Inflammatory Markers for Stroke Prognosis: A Prospective Cohort Study.,2026 Jul 11,no,requires_full_text_screen
DISC-2026-07-29-PMC-01,NCBI ESearch db=pmc,"(""2026/07/01""[Publication Date] : ""2026/07/29""[Publication Date]) AND open_access[filter] AND ""cohort study""[Title] AND (cardiovascular[Title] OR metabolic[Title] OR diabetes[Title] OR coronary[Title] OR stroke[Title] OR ""heart failure""[Title])","2026/07/01:2026/07/29[Date - Publication] AND ""open access""[Filter] AND ""cohort study""[Title] AND (""cardiovascular""[Title] OR ""metabolic""[Title] OR ""diabetes""[Title] OR ""coronary""[Title] OR ""stroke""[Title] OR ""heart failure""[Title])",2026-07-29T20:43:36+00:00,13393250,PMC13393250,,10.1186/s12933-026-03279-w,Joint longitudinal trajectories of the triglyceride-glucose index combined with BMI and waist-to-height ratio and incident cardiovascular disease: a prospective cohort study from the English longitudinal study of ageing.,2026 Jul 5,no,requires_full_text_screen
DISC-2026-07-29-PMC-01,NCBI ESearch db=pmc,"(""2026/07/01""[Publication Date] : ""2026/07/29""[Publication Date]) AND open_access[filter] AND ""cohort study""[Title] AND (cardiovascular[Title] OR metabolic[Title] OR diabetes[Title] OR coronary[Title] OR stroke[Title] OR ""heart failure""[Title])","2026/07/01:2026/07/29[Date - Publication] AND ""open access""[Filter] AND ""cohort study""[Title] AND (""cardiovascular""[Title] OR ""metabolic""[Title] OR ""diabetes""[Title] OR ""coronary""[Title] OR ""stroke""[Title] OR ""heart failure""[Title])",2026-07-29T20:43:36+00:00,13389228,PMC13389228,,10.1002/hsr2.72620,Relationship Between ST-Segment Resolution and Clinical Outcomes After Primary Percutaneous Coronary Intervention of Bifurcation Lesion in Patients With ST Elevation Myocardial Infarction: A Cohort Study.,2026 Jul,no,requires_full_text_screen
DISC-2026-07-29-PMC-01,NCBI ESearch db=pmc,"(""2026/07/01""[Publication Date] : ""2026/07/29""[Publication Date]) AND open_access[filter] AND ""cohort study""[Title] AND (cardiovascular[Title] OR metabolic[Title] OR diabetes[Title] OR coronary[Title] OR stroke[Title] OR ""heart failure""[Title])","2026/07/01:2026/07/29[Date - Publication] AND ""open access""[Filter] AND ""cohort study""[Title] AND (""cardiovascular""[Title] OR ""metabolic""[Title] OR ""diabetes""[Title] OR ""coronary""[Title] OR ""stroke""[Title] OR ""heart failure""[Title])",2026-07-29T20:43:36+00:00,13388307,PMC13388307,,10.3389/fcvm.2026.1832873,The association between C-reactive protein-triglyceride glucose index and all-cause mortality in patients with cardiovascular-kidney-metabolic syndrome: a single-center retrospective cohort study.,2026,no,requires_full_text_screen
DISC-2026-07-29-PMC-01,NCBI ESearch db=pmc,"(""2026/07/01""[Publication Date] : ""2026/07/29""[Publication Date]) AND open_access[filter] AND ""cohort study""[Title] AND (cardiovascular[Title] OR metabolic[Title] OR diabetes[Title] OR coronary[Title] OR stroke[Title] OR ""heart failure""[Title])","2026/07/01:2026/07/29[Date - Publication] AND ""open access""[Filter] AND ""cohort study""[Title] AND (""cardiovascular""[Title] OR ""metabolic""[Title] OR ""diabetes""[Title] OR ""coronary""[Title] OR ""stroke""[Title] OR ""heart failure""[Title])",2026-07-29T20:43:36+00:00,13389146,PMC13389146,,10.1177/11795514261471400,Effectiveness and Safety of the MiniMed 780G Advanced Hybrid Closed-Loop System in Older Adults With Type 1 Diabetes: A Comparative Cohort Study.,2026,no,requires_full_text_screen
DISC-2026-07-29-PMC-01,NCBI ESearch db=pmc,"(""2026/07/01""[Publication Date] : ""2026/07/29""[Publication Date]) AND open_access[filter] AND ""cohort study""[Title] AND (cardiovascular[Title] OR metabolic[Title] OR diabetes[Title] OR coronary[Title] OR stroke[Title] OR ""heart failure""[Title])","2026/07/01:2026/07/29[Date - Publication] AND ""open access""[Filter] AND ""cohort study""[Title] AND (""cardiovascular""[Title] OR ""metabolic""[Title] OR ""diabetes""[Title] OR ""coronary""[Title] OR ""stroke""[Title] OR ""heart failure""[Title])",2026-07-29T20:43:36+00:00,13389884,PMC13389884,,10.12669/pjms.42.7.13245,Malnutrition-induced frailty and risk of early rehospitalization in heart failure: A Survival analysis from a prospective cohort study.,2026 Jul,no,requires_full_text_screen
DISC-2026-07-29-PMC-01,NCBI ESearch db=pmc,"(""2026/07/01""[Publication Date] : ""2026/07/29""[Publication Date]) AND open_access[filter] AND ""cohort study""[Title] AND (cardiovascular[Title] OR metabolic[Title] OR diabetes[Title] OR coronary[Title] OR stroke[Title] OR ""heart failure""[Title])","2026/07/01:2026/07/29[Date - Publication] AND ""open access""[Filter] AND ""cohort study""[Title] AND (""cardiovascular""[Title] OR ""metabolic""[Title] OR ""diabetes""[Title] OR ""coronary""[Title] OR ""stroke""[Title] OR ""heart failure""[Title])",2026-07-29T20:43:36+00:00,13388263,PMC13388263,,10.3389/fnins.2026.1818367,Predictors of unfavorable 3-month functional outcome following intravenous thrombolysis with alteplase in anterior circulation acute ischemic stroke: a prospective cohort study.,2026,no,requires_full_text_screen
DISC-2026-07-29-PMC-01,NCBI ESearch db=pmc,"(""2026/07/01""[Publication Date] : ""2026/07/29""[Publication Date]) AND open_access[filter] AND ""cohort study""[Title] AND (cardiovascular[Title] OR metabolic[Title] OR diabetes[Title] OR coronary[Title] OR stroke[Title] OR ""heart failure""[Title])","2026/07/01:2026/07/29[Date - Publication] AND ""open access""[Filter] AND ""cohort study""[Title] AND (""cardiovascular""[Title] OR ""metabolic""[Title] OR ""diabetes""[Title] OR ""coronary""[Title] OR ""stroke""[Title] OR ""heart failure""[Title])",2026-07-29T20:43:36+00:00,13389202,PMC13389202,,10.1177/20420986261462669,Sex-specific risk factors for genital infections associated with SGLT2 inhibitors in type 2 diabetes: a retrospective cohort study and disproportionality analysis using JADER.,2026,no,requires_full_text_screen
DISC-2026-07-29-PMC-01,NCBI ESearch db=pmc,"(""2026/07/01""[Publication Date] : ""2026/07/29""[Publication Date]) AND open_access[filter] AND ""cohort study""[Title] AND (cardiovascular[Title] OR metabolic[Title] OR diabetes[Title] OR coronary[Title] OR stroke[Title] OR ""heart failure""[Title])","2026/07/01:2026/07/29[Date - Publication] AND ""open access""[Filter] AND ""cohort study""[Title] AND (""cardiovascular""[Title] OR ""metabolic""[Title] OR ""diabetes""[Title] OR ""coronary""[Title] OR ""stroke""[Title] OR ""heart failure""[Title])",2026-07-29T20:43:36+00:00,13390809,PMC13390809,,10.1371/journal.pone.0354433,Pragmatic cardiovascular-kidney-metabolic burden categories and 5-year all-cause mortality in Vietnamese outpatients: A retrospective cohort study.,2026,no,requires_full_text_screen
DISC-2026-07-29-PMC-01,NCBI ESearch db=pmc,"(""2026/07/01""[Publication Date] : ""2026/07/29""[Publication Date]) AND open_access[filter] AND ""cohort study""[Title] AND (cardiovascular[Title] OR metabolic[Title] OR diabetes[Title] OR coronary[Title] OR stroke[Title] OR ""heart failure""[Title])","2026/07/01:2026/07/29[Date - Publication] AND ""open access""[Filter] AND ""cohort study""[Title] AND (""cardiovascular""[Title] OR ""metabolic""[Title] OR ""diabetes""[Title] OR ""coronary""[Title] OR ""stroke""[Title] OR ""heart failure""[Title])",2026-07-29T20:43:36+00:00,13385274,PMC13385274,,10.3389/fendo.2026.1844215,Association of triglyceride-glucose and obesity-derived indices with the risk of aortic stenosis among individuals in cardiovascular-kidney-metabolic syndrome stages 0-3: a prospective cohort study from the UK Biobank.,2026,no,requires_full_text_screen
DISC-2026-07-29-PMC-01,NCBI ESearch db=pmc,"(""2026/07/01""[Publication Date] : ""2026/07/29""[Publication Date]) AND open_access[filter] AND ""cohort study""[Title] AND (cardiovascular[Title] OR metabolic[Title] OR diabetes[Title] OR coronary[Title] OR stroke[Title] OR ""heart failure""[Title])","2026/07/01:2026/07/29[Date - Publication] AND ""open access""[Filter] AND ""cohort study""[Title] AND (""cardiovascular""[Title] OR ""metabolic""[Title] OR ""diabetes""[Title] OR ""coronary""[Title] OR ""stroke""[Title] OR ""heart failure""[Title])",2026-07-29T20:43:36+00:00,13385109,PMC13385109,,10.3389/fnut.2026.1827345,Association of non-high-density lipoprotein cholesterol to high-density lipoprotein cholesterol ratio (NHHR) with cardiovascular mortality in peritoneal dialysis patients: a prospective cohort study.,2026,no,requires_full_text_screen
DISC-2026-07-29-PMC-01,NCBI ESearch db=pmc,"(""2026/07/01""[Publication Date] : ""2026/07/29""[Publication Date]) AND open_access[filter] AND ""cohort study""[Title] AND (cardiovascular[Title] OR metabolic[Title] OR diabetes[Title] OR coronary[Title] OR stroke[Title] OR ""heart failure""[Title])","2026/07/01:2026/07/29[Date - Publication] AND ""open access""[Filter] AND ""cohort study""[Title] AND (""cardiovascular""[Title] OR ""metabolic""[Title] OR ""diabetes""[Title] OR ""coronary""[Title] OR ""stroke""[Title] OR ""heart failure""[Title])",2026-07-29T20:43:36+00:00,13385639,PMC13385639,,10.2147/dddt.s615968,Safety of Short-T erm Low-Dose Olanzapine in Patients with Cancer and Diabetes Receiving Cisplatin-Based Chemotherapy: A Retrospective TriNetX Cohort Study.,2026,no,requires_full_text_screen
DISC-2026-07-29-PMC-01,NCBI ESearch db=pmc,"(""2026/07/01""[Publication Date] : ""2026/07/29""[Publication Date]) AND open_access[filter] AND ""cohort study""[Title] AND (cardiovascular[Title] OR metabolic[Title] OR diabetes[Title] OR coronary[Title] OR stroke[Title] OR ""heart failure""[Title])","2026/07/01:2026/07/29[Date - Publication] AND ""open access""[Filter] AND ""cohort study""[Title] AND (""cardiovascular""[Title] OR ""metabolic""[Title] OR ""diabetes""[Title] OR ""coronary""[Title] OR ""stroke""[Title] OR ""heart failure""[Title])",2026-07-29T20:43:36+00:00,13385107,PMC13385107,,10.3389/fcvm.2026.1830398,"Unveiling a J-shaped association between the triglyceride-glucose index and in-hospital major adverse cardiovascular events in patients with acute myocardial infarction: a retrospective cohort study of 1,065 patients.",2026,no,requires_full_text_screen
DISC-2026-07-29-PMC-01,NCBI ESearch db=pmc,"(""2026/07/01""[Publication Date] : ""2026/07/29""[Publication Date]) AND open_access[filter] AND ""cohort study""[Title] AND (cardiovascular[Title] OR metabolic[Title] OR diabetes[Title] OR coronary[Title] OR stroke[Title] OR ""heart failure""[Title])","2026/07/01:2026/07/29[Date - Publication] AND ""open access""[Filter] AND ""cohort study""[Title] AND (""cardiovascular""[Title] OR ""metabolic""[Title] OR ""diabetes""[Title] OR ""coronary""[Title] OR ""stroke""[Title] OR ""heart failure""[Title])",2026-07-29T20:43:36+00:00,13385450,PMC13385450,,10.3389/fpubh.2026.1889187,Cardiovascular composite events and the healthy worker effect among noise-exposed workers: a retrospective cohort study.,2026,no,requires_full_text_screen
DISC-2026-07-29-PMC-01,NCBI ESearch db=pmc,"(""2026/07/01""[Publication Date] : ""2026/07/29""[Publication Date]) AND open_access[filter] AND ""cohort study""[Title] AND (cardiovascular[Title] OR metabolic[Title] OR diabetes[Title] OR coronary[Title] OR stroke[Title] OR ""heart failure""[Title])","2026/07/01:2026/07/29[Date - Publication] AND ""open access""[Filter] AND ""cohort study""[Title] AND (""cardiovascular""[Title] OR ""metabolic""[Title] OR ""diabetes""[Title] OR ""coronary""[Title] OR ""stroke""[Title] OR ""heart failure""[Title])",2026-07-29T20:43:36+00:00,13387849,PMC13387849,,10.3346/jkms.2026.41.e161,Sex Differences in Long-term Outcomes Following Coronary Artery Bypass Grafting: A Nationwide Population-Based Propensity Score-Matched Cohort Study.,2026 Jul 20,yes,requires_full_text_screen
DISC-2026-07-29-PMC-01,NCBI ESearch db=pmc,"(""2026/07/01""[Publication Date] : ""2026/07/29""[Publication Date]) AND open_access[filter] AND ""cohort study""[Title] AND (cardiovascular[Title] OR metabolic[Title] OR diabetes[Title] OR coronary[Title] OR stroke[Title] OR ""heart failure""[Title])","2026/07/01:2026/07/29[Date - Publication] AND ""open access""[Filter] AND ""cohort study""[Title] AND (""cardiovascular""[Title] OR ""metabolic""[Title] OR ""diabetes""[Title] OR ""coronary""[Title] OR ""stroke""[Title] OR ""heart failure""[Title])",2026-07-29T20:43:36+00:00,13386084,PMC13386084,,10.1136/bmjopen-2025-115135,"Machine learning evaluation of clinical, social and behavioural factors influencing progression from pre-diabetes to type 2 diabetes: a retrospective cohort study in southeast Michigan.",2026 Jul 16,no,exclude_title:prediction_or_ml
DISC-2026-07-29-PMC-01,NCBI ESearch db=pmc,"(""2026/07/01""[Publication Date] : ""2026/07/29""[Publication Date]) AND open_access[filter] AND ""cohort study""[Title] AND (cardiovascular[Title] OR metabolic[Title] OR diabetes[Title] OR coronary[Title] OR stroke[Title] OR ""heart failure""[Title])","2026/07/01:2026/07/29[Date - Publication] AND ""open access""[Filter] AND ""cohort study""[Title] AND (""cardiovascular""[Title] OR ""metabolic""[Title] OR ""diabetes""[Title] OR ""coronary""[Title] OR ""stroke""[Title] OR ""heart failure""[Title])",2026-07-29T20:43:36+00:00,13381236,PMC13381236,,10.3389/fnut.2026.1854100,Association of healthy lifestyle with coronary artery disease risk varies by weight status: a prospective cohort study.,2026,no,requires_full_text_screen
DISC-2026-07-29-PMC-01,NCBI ESearch db=pmc,"(""2026/07/01""[Publication Date] : ""2026/07/29""[Publication Date]) AND open_access[filter] AND ""cohort study""[Title] AND (cardiovascular[Title] OR metabolic[Title] OR diabetes[Title] OR coronary[Title] OR stroke[Title] OR ""heart failure""[Title])","2026/07/01:2026/07/29[Date - Publication] AND ""open access""[Filter] AND ""cohort study""[Title] AND (""cardiovascular""[Title] OR ""metabolic""[Title] OR ""diabetes""[Title] OR ""coronary""[Title] OR ""stroke""[Title] OR ""heart failure""[Title])",2026-07-29T20:43:36+00:00,13382457,PMC13382457,,10.1016/j.eclinm.2026.104071,Clinical outcomes of invasive versus conservative strategies for very high-risk patients with non-ST-elevation acute coronary syndrome: an observational cohort study in a real-world population of China.,2026 Jul,no,requires_full_text_screen
DISC-2026-07-29-PMC-01,NCBI ESearch db=pmc,"(""2026/07/01""[Publication Date] : ""2026/07/29""[Publication Date]) AND open_access[filter] AND ""cohort study""[Title] AND (cardiovascular[Title] OR metabolic[Title] OR diabetes[Title] OR coronary[Title] OR stroke[Title] OR ""heart failure""[Title])","2026/07/01:2026/07/29[Date - Publication] AND ""open access""[Filter] AND ""cohort study""[Title] AND (""cardiovascular""[Title] OR ""metabolic""[Title] OR ""diabetes""[Title] OR ""coronary""[Title] OR ""stroke""[Title] OR ""heart failure""[Title])",2026-07-29T20:43:36+00:00,13384269,PMC13384269,,10.1371/journal.pone.0353956,Comparative effects of SGLT2 inhibitors and GLP-1 receptor agonists on osteoarthritis risk in patients with type 2 diabetes mellitus: A multi-institutional cohort study.,2026,no,requires_full_text_screen
DISC-2026-07-29-PMC-01,NCBI ESearch db=pmc,"(""2026/07/01""[Publication Date] : ""2026/07/29""[Publication Date]) AND open_access[filter] AND ""cohort study""[Title] AND (cardiovascular[Title] OR metabolic[Title] OR diabetes[Title] OR coronary[Title] OR stroke[Title] OR ""heart failure""[Title])","2026/07/01:2026/07/29[Date - Publication] AND ""open access""[Filter] AND ""cohort study""[Title] AND (""cardiovascular""[Title] OR ""metabolic""[Title] OR ""diabetes""[Title] OR ""coronary""[Title] OR ""stroke""[Title] OR ""heart failure""[Title])",2026-07-29T20:43:36+00:00,13384616,PMC13384616,,10.1097/md.0000000000049836,Pulse pressure trajectories and diabetes risk: A gender-specific cohort study.,2026 Jul 17,no,requires_full_text_screen
DISC-2026-07-29-PMC-01,NCBI ESearch db=pmc,"(""2026/07/01""[Publication Date] : ""2026/07/29""[Publication Date]) AND open_access[filter] AND ""cohort study""[Title] AND (cardiovascular[Title] OR metabolic[Title] OR diabetes[Title] OR coronary[Title] OR stroke[Title] OR ""heart failure""[Title])","2026/07/01:2026/07/29[Date - Publication] AND ""open access""[Filter] AND ""cohort study""[Title] AND (""cardiovascular""[Title] OR ""metabolic""[Title] OR ""diabetes""[Title] OR ""coronary""[Title] OR ""stroke""[Title] OR ""heart failure""[Title])",2026-07-29T20:43:36+00:00,13384551,PMC13384551,,10.1097/md.0000000000049786,The prognostic value of the neutrophil percentage-to-albumin ratio for all-cause and cardiovascular mortality in chronic kidney disease: A retrospective cohort study using NHANES 1999 to 2018.,2026 Jul 17,no,requires_full_text_screen
DISC-2026-07-29-PMC-01,NCBI ESearch db=pmc,"(""2026/07/01""[Publication Date] : ""2026/07/29""[Publication Date]) AND open_access[filter] AND ""cohort study""[Title] AND (cardiovascular[Title] OR metabolic[Title] OR diabetes[Title] OR coronary[Title] OR stroke[Title] OR ""heart failure""[Title])","2026/07/01:2026/07/29[Date - Publication] AND ""open access""[Filter] AND ""cohort study""[Title] AND (""cardiovascular""[Title] OR ""metabolic""[Title] OR ""diabetes""[Title] OR ""coronary""[Title] OR ""stroke""[Title] OR ""heart failure""[Title])",2026-07-29T20:43:36+00:00,13384687,PMC13384687,,10.1097/md.0000000000049809,Clinical efficacy and safety of tenecteplase combined with argatroban for acute ischemic stroke: A single-center retrospective cohort study.,2026 Jul 17,no,requires_full_text_screen
DISC-2026-07-29-PMC-01,NCBI ESearch db=pmc,"(""2026/07/01""[Publication Date] : ""2026/07/29""[Publication Date]) AND open_access[filter] AND ""cohort study""[Title] AND (cardiovascular[Title] OR metabolic[Title] OR diabetes[Title] OR coronary[Title] OR stroke[Title] OR ""heart failure""[Title])","2026/07/01:2026/07/29[Date - Publication] AND ""open access""[Filter] AND ""cohort study""[Title] AND (""cardiovascular""[Title] OR ""metabolic""[Title] OR ""diabetes""[Title] OR ""coronary""[Title] OR ""stroke""[Title] OR ""heart failure""[Title])",2026-07-29T20:43:36+00:00,13384559,PMC13384559,,10.1097/md.0000000000049713,Association of AISI and SIRI levels with mortality risk in patients with type 2 diabetes: A retrospective cohort study.,2026 Jul 17,no,requires_full_text_screen
DISC-2026-07-29-PMC-01,NCBI ESearch db=pmc,"(""2026/07/01""[Publication Date] : ""2026/07/29""[Publication Date]) AND open_access[filter] AND ""cohort study""[Title] AND (cardiovascular[Title] OR metabolic[Title] OR diabetes[Title] OR coronary[Title] OR stroke[Title] OR ""heart failure""[Title])","2026/07/01:2026/07/29[Date - Publication] AND ""open access""[Filter] AND ""cohort study""[Title] AND (""cardiovascular""[Title] OR ""metabolic""[Title] OR ""diabetes""[Title] OR ""coronary""[Title] OR ""stroke""[Title] OR ""heart failure""[Title])",2026-07-29T20:43:36+00:00,13384665,PMC13384665,,10.1097/md.0000000000049760,Association between aggregate index of systemic inflammation and in-hospital new-onset AF in myocardial infarction with nonobstructive coronary arteries: A retrospective cohort study.,2026 Jul 17,no,requires_full_text_screen
DISC-2026-07-29-PMC-01,NCBI ESearch db=pmc,"(""2026/07/01""[Publication Date] : ""2026/07/29""[Publication Date]) AND open_access[filter] AND ""cohort study""[Title] AND (cardiovascular[Title] OR metabolic[Title] OR diabetes[Title] OR coronary[Title] OR stroke[Title] OR ""heart failure""[Title])","2026/07/01:2026/07/29[Date - Publication] AND ""open access""[Filter] AND ""cohort study""[Title] AND (""cardiovascular""[Title] OR ""metabolic""[Title] OR ""diabetes""[Title] OR ""coronary""[Title] OR ""stroke""[Title] OR ""heart failure""[Title])",2026-07-29T20:43:36+00:00,13380770,PMC13380770,,10.1016/j.ijcrp.2026.200678,Healthcare utilization patterns prior to a first heart failure diagnosis in a 90 day mortality cohort: A retrospective cohort study.,2026 Sep,no,requires_full_text_screen
DISC-2026-07-29-PMC-01,NCBI ESearch db=pmc,"(""2026/07/01""[Publication Date] : ""2026/07/29""[Publication Date]) AND open_access[filter] AND ""cohort study""[Title] AND (cardiovascular[Title] OR metabolic[Title] OR diabetes[Title] OR coronary[Title] OR stroke[Title] OR ""heart failure""[Title])","2026/07/01:2026/07/29[Date - Publication] AND ""open access""[Filter] AND ""cohort study""[Title] AND (""cardiovascular""[Title] OR ""metabolic""[Title] OR ""diabetes""[Title] OR ""coronary""[Title] OR ""stroke""[Title] OR ""heart failure""[Title])",2026-07-29T20:43:36+00:00,13380083,PMC13380083,,10.1016/j.eclinm.2026.104061,Ethnic and socioeconomic inequalities in stroke risk factors and primary prevention: the South London Stroke Register cohort study 1995-2024.,2026 Jul,no,requires_full_text_screen
DISC-2026-07-29-PMC-01,NCBI ESearch db=pmc,"(""2026/07/01""[Publication Date] : ""2026/07/29""[Publication Date]) AND open_access[filter] AND ""cohort study""[Title] AND (cardiovascular[Title] OR metabolic[Title] OR diabetes[Title] OR coronary[Title] OR stroke[Title] OR ""heart failure""[Title])","2026/07/01:2026/07/29[Date - Publication] AND ""open access""[Filter] AND ""cohort study""[Title] AND (""cardiovascular""[Title] OR ""metabolic""[Title] OR ""diabetes""[Title] OR ""coronary""[Title] OR ""stroke""[Title] OR ""heart failure""[Title])",2026-07-29T20:43:36+00:00,13379011,PMC13379011,,10.1371/journal.pone.0351780,Adolescent cognitive function and risk of gestational diabetes mellitus: A retrospective population-based cohort study.,2026,no,requires_full_text_screen
DISC-2026-07-29-PMC-01,NCBI ESearch db=pmc,"(""2026/07/01""[Publication Date] : ""2026/07/29""[Publication Date]) AND open_access[filter] AND ""cohort study""[Title] AND (cardiovascular[Title] OR metabolic[Title] OR diabetes[Title] OR coronary[Title] OR stroke[Title] OR ""heart failure""[Title])","2026/07/01:2026/07/29[Date - Publication] AND ""open access""[Filter] AND ""cohort study""[Title] AND (""cardiovascular""[Title] OR ""metabolic""[Title] OR ""diabetes""[Title] OR ""coronary""[Title] OR ""stroke""[Title] OR ""heart failure""[Title])",2026-07-29T20:43:36+00:00,13376527,PMC13376527,,10.1177/03000605261467013,Development and validation of a predictive model for the severity of hyperlipidemic acute pancreatitis based on the bedside index for severity in acute pancreatitis and metabolic score for insulin resistance: A retrospective cohort study.,2026 Jul,no,exclude_title:prediction_or_ml
DISC-2026-07-29-PMC-01,NCBI ESearch db=pmc,"(""2026/07/01""[Publication Date] : ""2026/07/29""[Publication Date]) AND open_access[filter] AND ""cohort study""[Title] AND (cardiovascular[Title] OR metabolic[Title] OR diabetes[Title] OR coronary[Title] OR stroke[Title] OR ""heart failure""[Title])","2026/07/01:2026/07/29[Date - Publication] AND ""open access""[Filter] AND ""cohort study""[Title] AND (""cardiovascular""[Title] OR ""metabolic""[Title] OR ""diabetes""[Title] OR ""coronary""[Title] OR ""stroke""[Title] OR ""heart failure""[Title])",2026-07-29T20:43:36+00:00,13376105,PMC13376105,,10.1007/s44197-026-00615-x,Impact of Therapeutic Inertia on Glycemic Control and Diabetes-Related Complications in Type 2 Diabetes: A 3-Year Retrospective Cohort Study.,2026 Jul 15,no,requires_full_text_screen
DISC-2026-07-29-PMC-01,NCBI ESearch db=pmc,"(""2026/07/01""[Publication Date] : ""2026/07/29""[Publication Date]) AND open_access[filter] AND ""cohort study""[Title] AND (cardiovascular[Title] OR metabolic[Title] OR diabetes[Title] OR coronary[Title] OR stroke[Title] OR ""heart failure""[Title])","2026/07/01:2026/07/29[Date - Publication] AND ""open access""[Filter] AND ""cohort study""[Title] AND (""cardiovascular""[Title] OR ""metabolic""[Title] OR ""diabetes""[Title] OR ""coronary""[Title] OR ""stroke""[Title] OR ""heart failure""[Title])",2026-07-29T20:43:36+00:00,13372655,PMC13372655,,10.3389/fendo.2026.1873073,Predictive value of routine ultrasound indicators in the second trimester for gestational diabetes mellitus: a retrospective cohort study.,2026,no,requires_full_text_screen
DISC-2026-07-29-PMC-01,NCBI ESearch db=pmc,"(""2026/07/01""[Publication Date] : ""2026/07/29""[Publication Date]) AND open_access[filter] AND ""cohort study""[Title] AND (cardiovascular[Title] OR metabolic[Title] OR diabetes[Title] OR coronary[Title] OR stroke[Title] OR ""heart failure""[Title])","2026/07/01:2026/07/29[Date - Publication] AND ""open access""[Filter] AND ""cohort study""[Title] AND (""cardiovascular""[Title] OR ""metabolic""[Title] OR ""diabetes""[Title] OR ""coronary""[Title] OR ""stroke""[Title] OR ""heart failure""[Title])",2026-07-29T20:43:36+00:00,13374871,PMC13374871,,10.1371/journal.pone.0353388,Association between glycemic control and chronic kidney disease development in older patients with type 2 diabetes: A retrospective cohort study.,2026,no,requires_full_text_screen
DISC-2026-07-29-PMC-01,NCBI ESearch db=pmc,"(""2026/07/01""[Publication Date] : ""2026/07/29""[Publication Date]) AND open_access[filter] AND ""cohort study""[Title] AND (cardiovascular[Title] OR metabolic[Title] OR diabetes[Title] OR coronary[Title] OR stroke[Title] OR ""heart failure""[Title])","2026/07/01:2026/07/29[Date - Publication] AND ""open access""[Filter] AND ""cohort study""[Title] AND (""cardiovascular""[Title] OR ""metabolic""[Title] OR ""diabetes""[Title] OR ""coronary""[Title] OR ""stroke""[Title] OR ""heart failure""[Title])",2026-07-29T20:43:36+00:00,13374916,PMC13374916,,10.1371/journal.pmed.1005180,Correction: Plasma proteomic signatures of early retinal neurodegeneration in diabetes: a multi-cohort study.,2026 Jul,no,exclude_title:genetic_or_omics
DISC-2026-07-29-PMC-01,NCBI ESearch db=pmc,"(""2026/07/01""[Publication Date] : ""2026/07/29""[Publication Date]) AND open_access[filter] AND ""cohort study""[Title] AND (cardiovascular[Title] OR metabolic[Title] OR diabetes[Title] OR coronary[Title] OR stroke[Title] OR ""heart failure""[Title])","2026/07/01:2026/07/29[Date - Publication] AND ""open access""[Filter] AND ""cohort study""[Title] AND (""cardiovascular""[Title] OR ""metabolic""[Title] OR ""diabetes""[Title] OR ""coronary""[Title] OR ""stroke""[Title] OR ""heart failure""[Title])",2026-07-29T20:43:36+00:00,13372826,PMC13372826,,10.1007/s00431-026-07214-9,Clinical factors associated with retreatment and early coronary outcomes in Kawasaki disease in children aged < 6 months: a single-center cohort study.,2026 Jul 15,no,requires_full_text_screen
DISC-2026-07-29-PMC-01,NCBI ESearch db=pmc,"(""2026/07/01""[Publication Date] : ""2026/07/29""[Publication Date]) AND open_access[filter] AND ""cohort study""[Title] AND (cardiovascular[Title] OR metabolic[Title] OR diabetes[Title] OR coronary[Title] OR stroke[Title] OR ""heart failure""[Title])","2026/07/01:2026/07/29[Date - Publication] AND ""open access""[Filter] AND ""cohort study""[Title] AND (""cardiovascular""[Title] OR ""metabolic""[Title] OR ""diabetes""[Title] OR ""coronary""[Title] OR ""stroke""[Title] OR ""heart failure""[Title])",2026-07-29T20:43:36+00:00,13369579,PMC13369579,,10.1002/hsr2.72801,The Association Between PIV and Mortality in US Stroke Survivors: A NHANES 1999-2018 Retrospective Cohort Study.,2026 Jul,no,requires_full_text_screen
DISC-2026-07-29-PMC-01,NCBI ESearch db=pmc,"(""2026/07/01""[Publication Date] : ""2026/07/29""[Publication Date]) AND open_access[filter] AND ""cohort study""[Title] AND (cardiovascular[Title] OR metabolic[Title] OR diabetes[Title] OR coronary[Title] OR stroke[Title] OR ""heart failure""[Title])","2026/07/01:2026/07/29[Date - Publication] AND ""open access""[Filter] AND ""cohort study""[Title] AND (""cardiovascular""[Title] OR ""metabolic""[Title] OR ""diabetes""[Title] OR ""coronary""[Title] OR ""stroke""[Title] OR ""heart failure""[Title])",2026-07-29T20:43:36+00:00,13368627,PMC13368627,,10.3389/fneur.2026.1801145,Risk factors of nasogastric tube removal failure in acute ischemic stroke patients: a 3-months follow-up cohort study at a single institute.,2026,no,requires_full_text_screen
DISC-2026-07-29-PMC-01,NCBI ESearch db=pmc,"(""2026/07/01""[Publication Date] : ""2026/07/29""[Publication Date]) AND open_access[filter] AND ""cohort study""[Title] AND (cardiovascular[Title] OR metabolic[Title] OR diabetes[Title] OR coronary[Title] OR stroke[Title] OR ""heart failure""[Title])","2026/07/01:2026/07/29[Date - Publication] AND ""open access""[Filter] AND ""cohort study""[Title] AND (""cardiovascular""[Title] OR ""metabolic""[Title] OR ""diabetes""[Title] OR ""coronary""[Title] OR ""stroke""[Title] OR ""heart failure""[Title])",2026-07-29T20:43:36+00:00,13365883,PMC13365883,,10.1002/hsr2.72809,"Prevalence, Clinical Associations, and Outcomes of Cardiorenal Anemia Syndrome Among Patients With Heart Failure Attending a Tertiary Hospital in Dodoma, Tanzania: A Prospective Observational Cohort Study.",2026 Jul,no,requires_full_text_screen
DISC-2026-07-29-PMC-01,NCBI ESearch db=pmc,"(""2026/07/01""[Publication Date] : ""2026/07/29""[Publication Date]) AND open_access[filter] AND ""cohort study""[Title] AND (cardiovascular[Title] OR metabolic[Title] OR diabetes[Title] OR coronary[Title] OR stroke[Title] OR ""heart failure""[Title])","2026/07/01:2026/07/29[Date - Publication] AND ""open access""[Filter] AND ""cohort study""[Title] AND (""cardiovascular""[Title] OR ""metabolic""[Title] OR ""diabetes""[Title] OR ""coronary""[Title] OR ""stroke""[Title] OR ""heart failure""[Title])",2026-07-29T20:43:36+00:00,13367460,PMC13367460,,10.2147/oaem.s616665,"Clinical Characteristics, Complications, and Outcomes of Heat Stroke Among Pilgrims During the Hajj Mass Gathering: A Prospective Cohort Study.",2026,no,requires_full_text_screen
DISC-2026-07-29-PMC-01,NCBI ESearch db=pmc,"(""2026/07/01""[Publication Date] : ""2026/07/29""[Publication Date]) AND open_access[filter] AND ""cohort study""[Title] AND (cardiovascular[Title] OR metabolic[Title] OR diabetes[Title] OR coronary[Title] OR stroke[Title] OR ""heart failure""[Title])","2026/07/01:2026/07/29[Date - Publication] AND ""open access""[Filter] AND ""cohort study""[Title] AND (""cardiovascular""[Title] OR ""metabolic""[Title] OR ""diabetes""[Title] OR ""coronary""[Title] OR ""stroke""[Title] OR ""heart failure""[Title])",2026-07-29T20:43:36+00:00,13366646,PMC13366646,,10.1080/0886022x.2026.2697379,Impact of dual antiplatelet therapy duration after percutaneous coronary intervention on outcomes in acute coronary syndrome patients with and without chronic kidney disease: a nationwide cohort study.,2026 Dec,no,requires_full_text_screen
DISC-2026-07-29-PMC-01,NCBI ESearch db=pmc,"(""2026/07/01""[Publication Date] : ""2026/07/29""[Publication Date]) AND open_access[filter] AND ""cohort study""[Title] AND (cardiovascular[Title] OR metabolic[Title] OR diabetes[Title] OR coronary[Title] OR stroke[Title] OR ""heart failure""[Title])","2026/07/01:2026/07/29[Date - Publication] AND ""open access""[Filter] AND ""cohort study""[Title] AND (""cardiovascular""[Title] OR ""metabolic""[Title] OR ""diabetes""[Title] OR ""coronary""[Title] OR ""stroke""[Title] OR ""heart failure""[Title])",2026-07-29T20:43:36+00:00,13367251,PMC13367251,,10.1093/ehjcvp/pvag031,Effectiveness and safety of sodium-glucose cotransporter-2 inhibitor initiation in sacubitril-valsartan users with heart failure: a population-based cohort study.,2026 Jul 14,no,requires_full_text_screen
DISC-2026-07-29-PMC-01,NCBI ESearch db=pmc,"(""2026/07/01""[Publication Date] : ""2026/07/29""[Publication Date]) AND open_access[filter] AND ""cohort study""[Title] AND (cardiovascular[Title] OR metabolic[Title] OR diabetes[Title] OR coronary[Title] OR stroke[Title] OR ""heart failure""[Title])","2026/07/01:2026/07/29[Date - Publication] AND ""open access""[Filter] AND ""cohort study""[Title] AND (""cardiovascular""[Title] OR ""metabolic""[Title] OR ""diabetes""[Title] OR ""coronary""[Title] OR ""stroke""[Title] OR ""heart failure""[Title])",2026-07-29T20:43:36+00:00,13362897,PMC13362897,,10.3390/jcm15135302,"Prevalence, Predictors, and Clinical Outcomes of Cervical Arterial Dissection in Patients with Spontaneous Coronary Artery Dissection: A Multicenter Retrospective Cohort Study.",2026 Jul 7,no,requires_full_text_screen
DISC-2026-07-29-PMC-01,NCBI ESearch db=pmc,"(""2026/07/01""[Publication Date] : ""2026/07/29""[Publication Date]) AND open_access[filter] AND ""cohort study""[Title] AND (cardiovascular[Title] OR metabolic[Title] OR diabetes[Title] OR coronary[Title] OR stroke[Title] OR ""heart failure""[Title])","2026/07/01:2026/07/29[Date - Publication] AND ""open access""[Filter] AND ""cohort study""[Title] AND (""cardiovascular""[Title] OR ""metabolic""[Title] OR ""diabetes""[Title] OR ""coronary""[Title] OR ""stroke""[Title] OR ""heart failure""[Title])",2026-07-29T20:43:36+00:00,13363621,PMC13363621,,10.3390/jcm15135291,Clinical Predictors and Recovery Patterns of Visual Impairment as a Post-Stroke Complication: A Retrospective Single-Center Cohort Study from a Romanian Comprehensive Stroke Unit.,2026 Jul 7,no,requires_full_text_screen
DISC-2026-07-29-PMC-01,NCBI ESearch db=pmc,"(""2026/07/01""[Publication Date] : ""2026/07/29""[Publication Date]) AND open_access[filter] AND ""cohort study""[Title] AND (cardiovascular[Title] OR metabolic[Title] OR diabetes[Title] OR coronary[Title] OR stroke[Title] OR ""heart failure""[Title])","2026/07/01:2026/07/29[Date - Publication] AND ""open access""[Filter] AND ""cohort study""[Title] AND (""cardiovascular""[Title] OR ""metabolic""[Title] OR ""diabetes""[Title] OR ""coronary""[Title] OR ""stroke""[Title] OR ""heart failure""[Title])",2026-07-29T20:43:36+00:00,13363480,PMC13363480,,10.3390/jcm15135275,Predictors of Non-Cardiovascular Readmissions in Multimorbid Adults with Heart Failure in Australian Hospitals: A Retrospective Cohort Study.,2026 Jul 6,no,requires_full_text_screen
DISC-2026-07-29-PMC-01,NCBI ESearch db=pmc,"(""2026/07/01""[Publication Date] : ""2026/07/29""[Publication Date]) AND open_access[filter] AND ""cohort study""[Title] AND (cardiovascular[Title] OR metabolic[Title] OR diabetes[Title] OR coronary[Title] OR stroke[Title] OR ""heart failure""[Title])","2026/07/01:2026/07/29[Date - Publication] AND ""open access""[Filter] AND ""cohort study""[Title] AND (""cardiovascular""[Title] OR ""metabolic""[Title] OR ""diabetes""[Title] OR ""coronary""[Title] OR ""stroke""[Title] OR ""heart failure""[Title])",2026-07-29T20:43:36+00:00,13361964,PMC13361964,,10.3390/healthcare14131932,"Frailty Index and Risk of Ischemic Stroke in China: Evidence from a Cohort Study, Disease Burden Analysis, and Mendelian Randomization.",2026 Jul 1,no,exclude_title:genetic_or_omics
DISC-2026-07-29-PMC-01,NCBI ESearch db=pmc,"(""2026/07/01""[Publication Date] : ""2026/07/29""[Publication Date]) AND open_access[filter] AND ""cohort study""[Title] AND (cardiovascular[Title] OR metabolic[Title] OR diabetes[Title] OR coronary[Title] OR stroke[Title] OR ""heart failure""[Title])","2026/07/01:2026/07/29[Date - Publication] AND ""open access""[Filter] AND ""cohort study""[Title] AND (""cardiovascular""[Title] OR ""metabolic""[Title] OR ""diabetes""[Title] OR ""coronary""[Title] OR ""stroke""[Title] OR ""heart failure""[Title])",2026-07-29T20:43:36+00:00,13360137,PMC13360137,,10.3390/diagnostics16132113,Renal Function and Serum Neurofilament Light Chain in Acute Ischemic Stroke: An Observational Cohort Study.,2026 Jul 6,no,requires_full_text_screen
DISC-2026-07-29-PMC-01,NCBI ESearch db=pmc,"(""2026/07/01""[Publication Date] : ""2026/07/29""[Publication Date]) AND open_access[filter] AND ""cohort study""[Title] AND (cardiovascular[Title] OR metabolic[Title] OR diabetes[Title] OR coronary[Title] OR stroke[Title] OR ""heart failure""[Title])","2026/07/01:2026/07/29[Date - Publication] AND ""open access""[Filter] AND ""cohort study""[Title] AND (""cardiovascular""[Title] OR ""metabolic""[Title] OR ""diabetes""[Title] OR ""coronary""[Title] OR ""stroke""[Title] OR ""heart failure""[Title])",2026-07-29T20:43:36+00:00,13357993,PMC13357993,,10.1002/fsn3.72109,Association of Pro-Inflammatory Diets With Increased Risk of Metabolic Dysfunction-Associated Steatohepatitis: Evidence From a Prospective Cohort Study.,2026 Jul,no,requires_full_text_screen
DISC-2026-07-29-PMC-01,NCBI ESearch db=pmc,"(""2026/07/01""[Publication Date] : ""2026/07/29""[Publication Date]) AND open_access[filter] AND ""cohort study""[Title] AND (cardiovascular[Title] OR metabolic[Title] OR diabetes[Title] OR coronary[Title] OR stroke[Title] OR ""heart failure""[Title])","2026/07/01:2026/07/29[Date - Publication] AND ""open access""[Filter] AND ""cohort study""[Title] AND (""cardiovascular""[Title] OR ""metabolic""[Title] OR ""diabetes""[Title] OR ""coronary""[Title] OR ""stroke""[Title] OR ""heart failure""[Title])",2026-07-29T20:43:36+00:00,13361515,PMC13361515,,10.2147/ijwh.s614197,Metabolic Syndrome Predicts Chemotherapy Resistance and Poor Prognosis in Epithelial Ovarian Cancer: A Retrospective Observational Cohort Study.,2026,no,requires_full_text_screen
DISC-2026-07-29-PMC-01,NCBI ESearch db=pmc,"(""2026/07/01""[Publication Date] : ""2026/07/29""[Publication Date]) AND open_access[filter] AND ""cohort study""[Title] AND (cardiovascular[Title] OR metabolic[Title] OR diabetes[Title] OR coronary[Title] OR stroke[Title] OR ""heart failure""[Title])","2026/07/01:2026/07/29[Date - Publication] AND ""open access""[Filter] AND ""cohort study""[Title] AND (""cardiovascular""[Title] OR ""metabolic""[Title] OR ""diabetes""[Title] OR ""coronary""[Title] OR ""stroke""[Title] OR ""heart failure""[Title])",2026-07-29T20:43:36+00:00,13360819,PMC13360819,,10.2147/jhc.s611091,Correlation of Insulin and/or Insulin Secretagogues with the Risk of Hepatocellular Carcinoma and All-Cause Mortality Among Patients with Chronic Hepatitis B and Type 2 Diabetes Mellitus: A Retrospective Cohort Study.,2026,no,requires_full_text_screen
DISC-2026-07-29-PMC-01,NCBI ESearch db=pmc,"(""2026/07/01""[Publication Date] : ""2026/07/29""[Publication Date]) AND open_access[filter] AND ""cohort study""[Title] AND (cardiovascular[Title] OR metabolic[Title] OR diabetes[Title] OR coronary[Title] OR stroke[Title] OR ""heart failure""[Title])","2026/07/01:2026/07/29[Date - Publication] AND ""open access""[Filter] AND ""cohort study""[Title] AND (""cardiovascular""[Title] OR ""metabolic""[Title] OR ""diabetes""[Title] OR ""coronary""[Title] OR ""stroke""[Title] OR ""heart failure""[Title])",2026-07-29T20:43:36+00:00,13357043,PMC13357043,,10.2147/jmdh.s590099,Long-Term Clinical Outcomes and Cost-Effectiveness of Bariatric Surgery for Type 2 Diabetes in Malaysia: A 10-Year Retrospective Cohort Study.,2026,no,requires_full_text_screen
DISC-2026-07-29-PMC-01,NCBI ESearch db=pmc,"(""2026/07/01""[Publication Date] : ""2026/07/29""[Publication Date]) AND open_access[filter] AND ""cohort study""[Title] AND (cardiovascular[Title] OR metabolic[Title] OR diabetes[Title] OR coronary[Title] OR stroke[Title] OR ""heart failure""[Title])","2026/07/01:2026/07/29[Date - Publication] AND ""open access""[Filter] AND ""cohort study""[Title] AND (""cardiovascular""[Title] OR ""metabolic""[Title] OR ""diabetes""[Title] OR ""coronary""[Title] OR ""stroke""[Title] OR ""heart failure""[Title])",2026-07-29T20:43:36+00:00,13362927,PMC13362927,,10.1097/md.0000000000049742,Rapid progression of cardiovascular-kidney-metabolic syndrome drives accelerated frailty trajectories: A longitudinal cohort study.,2026 Jul 10,no,requires_full_text_screen
DISC-2026-07-29-PMC-01,NCBI ESearch db=pmc,"(""2026/07/01""[Publication Date] : ""2026/07/29""[Publication Date]) AND open_access[filter] AND ""cohort study""[Title] AND (cardiovascular[Title] OR metabolic[Title] OR diabetes[Title] OR coronary[Title] OR stroke[Title] OR ""heart failure""[Title])","2026/07/01:2026/07/29[Date - Publication] AND ""open access""[Filter] AND ""cohort study""[Title] AND (""cardiovascular""[Title] OR ""metabolic""[Title] OR ""diabetes""[Title] OR ""coronary""[Title] OR ""stroke""[Title] OR ""heart failure""[Title])",2026-07-29T20:43:36+00:00,13362851,PMC13362851,,10.1097/md.0000000000049695,Efficacy and safety of apixaban versus warfarin in new-onset atrial fibrillation post coronary artery bypass grafting: A retrospective cohort study.,2026 Jul 10,no,requires_full_text_screen
DISC-2026-07-29-PMC-01,NCBI ESearch db=pmc,"(""2026/07/01""[Publication Date] : ""2026/07/29""[Publication Date]) AND open_access[filter] AND ""cohort study""[Title] AND (cardiovascular[Title] OR metabolic[Title] OR diabetes[Title] OR coronary[Title] OR stroke[Title] OR ""heart failure""[Title])","2026/07/01:2026/07/29[Date - Publication] AND ""open access""[Filter] AND ""cohort study""[Title] AND (""cardiovascular""[Title] OR ""metabolic""[Title] OR ""diabetes""[Title] OR ""coronary""[Title] OR ""stroke""[Title] OR ""heart failure""[Title])",2026-07-29T20:43:36+00:00,13360508,PMC13360508,,10.1080/07853890.2026.2698905,Multiple machine learning models for predicting major adverse cardiovascular events in dialysis with clinical and echocardiographic parameters: a retrospective cohort study.,2026 Dec,no,exclude_title:prediction_or_ml
DISC-2026-07-29-PMC-01,NCBI ESearch db=pmc,"(""2026/07/01""[Publication Date] : ""2026/07/29""[Publication Date]) AND open_access[filter] AND ""cohort study""[Title] AND (cardiovascular[Title] OR metabolic[Title] OR diabetes[Title] OR coronary[Title] OR stroke[Title] OR ""heart failure""[Title])","2026/07/01:2026/07/29[Date - Publication] AND ""open access""[Filter] AND ""cohort study""[Title] AND (""cardiovascular""[Title] OR ""metabolic""[Title] OR ""diabetes""[Title] OR ""coronary""[Title] OR ""stroke""[Title] OR ""heart failure""[Title])",2026-07-29T20:43:36+00:00,13356836,PMC13356836,,10.2147/ijwh.s615707,Association of Maternal Hyperlipidemia Combined with Gestational Diabetes Mellitus with Adverse Maternal and Neonatal Outcomes: A Retrospective Cohort Study.,2026,no,requires_full_text_screen
DISC-2026-07-29-PMC-01,NCBI ESearch db=pmc,"(""2026/07/01""[Publication Date] : ""2026/07/29""[Publication Date]) AND open_access[filter] AND ""cohort study""[Title] AND (cardiovascular[Title] OR metabolic[Title] OR diabetes[Title] OR coronary[Title] OR stroke[Title] OR ""heart failure""[Title])","2026/07/01:2026/07/29[Date - Publication] AND ""open access""[Filter] AND ""cohort study""[Title] AND (""cardiovascular""[Title] OR ""metabolic""[Title] OR ""diabetes""[Title] OR ""coronary""[Title] OR ""stroke""[Title] OR ""heart failure""[Title])",2026-07-29T20:43:36+00:00,13355561,PMC13355561,,10.1016/j.ijcha.2026.101964,The PAFIS score for risk stratification of atrial fibrillation detected after stroke: a multicenter cohort study.,2026 Aug,no,requires_full_text_screen
DISC-2026-07-29-PMC-01,NCBI ESearch db=pmc,"(""2026/07/01""[Publication Date] : ""2026/07/29""[Publication Date]) AND open_access[filter] AND ""cohort study""[Title] AND (cardiovascular[Title] OR metabolic[Title] OR diabetes[Title] OR coronary[Title] OR stroke[Title] OR ""heart failure""[Title])","2026/07/01:2026/07/29[Date - Publication] AND ""open access""[Filter] AND ""cohort study""[Title] AND (""cardiovascular""[Title] OR ""metabolic""[Title] OR ""diabetes""[Title] OR ""coronary""[Title] OR ""stroke""[Title] OR ""heart failure""[Title])",2026-07-29T20:43:36+00:00,13355640,PMC13355640,,10.2147/dmso.s624979,Association Between Low-Dose Aspirin Use and Early Renal Injury Biomarkers in Patients with Type 2 Diabetes Mellitus: A Retrospective Matched Cohort Study.,2026,no,requires_full_text_screen
DISC-2026-07-29-PMC-01,NCBI ESearch db=pmc,"(""2026/07/01""[Publication Date] : ""2026/07/29""[Publication Date]) AND open_access[filter] AND ""cohort study""[Title] AND (cardiovascular[Title] OR metabolic[Title] OR diabetes[Title] OR coronary[Title] OR stroke[Title] OR ""heart failure""[Title])","2026/07/01:2026/07/29[Date - Publication] AND ""open access""[Filter] AND ""cohort study""[Title] AND (""cardiovascular""[Title] OR ""metabolic""[Title] OR ""diabetes""[Title] OR ""coronary""[Title] OR ""stroke""[Title] OR ""heart failure""[Title])",2026-07-29T20:43:36+00:00,13355283,PMC13355283,,10.2340/jrm.v58.45663,Subtype-specific optimal cut-off values of the Berg Balance Scale for predicting independent walking in inpatient stroke rehabilitation: a multicentre cohort study.,2026 Jul 8,no,requires_full_text_screen
DISC-2026-07-29-PMC-01,NCBI ESearch db=pmc,"(""2026/07/01""[Publication Date] : ""2026/07/29""[Publication Date]) AND open_access[filter] AND ""cohort study""[Title] AND (cardiovascular[Title] OR metabolic[Title] OR diabetes[Title] OR coronary[Title] OR stroke[Title] OR ""heart failure""[Title])","2026/07/01:2026/07/29[Date - Publication] AND ""open access""[Filter] AND ""cohort study""[Title] AND (""cardiovascular""[Title] OR ""metabolic""[Title] OR ""diabetes""[Title] OR ""coronary""[Title] OR ""stroke""[Title] OR ""heart failure""[Title])",2026-07-29T20:43:36+00:00,13351449,PMC13351449,,10.1016/j.isci.2026.116526,Association of joint exposure to PM2.5 and extreme heat with cardiovascular disease: A population-based cohort study in Northwest China.,2026 Jul 17,no,requires_full_text_screen
DISC-2026-07-29-PMC-01,NCBI ESearch db=pmc,"(""2026/07/01""[Publication Date] : ""2026/07/29""[Publication Date]) AND open_access[filter] AND ""cohort study""[Title] AND (cardiovascular[Title] OR metabolic[Title] OR diabetes[Title] OR coronary[Title] OR stroke[Title] OR ""heart failure""[Title])","2026/07/01:2026/07/29[Date - Publication] AND ""open access""[Filter] AND ""cohort study""[Title] AND (""cardiovascular""[Title] OR ""metabolic""[Title] OR ""diabetes""[Title] OR ""coronary""[Title] OR ""stroke""[Title] OR ""heart failure""[Title])",2026-07-29T20:43:36+00:00,13352028,PMC13352028,,10.1016/j.eclinm.2026.104043,Cardiovascular risk associated with intellectual disability among adults with type 2 diabetes: a nationwide cohort study in South Korea.,2026 Jul,no,requires_full_text_screen
DISC-2026-07-29-PMC-01,NCBI ESearch db=pmc,"(""2026/07/01""[Publication Date] : ""2026/07/29""[Publication Date]) AND open_access[filter] AND ""cohort study""[Title] AND (cardiovascular[Title] OR metabolic[Title] OR diabetes[Title] OR coronary[Title] OR stroke[Title] OR ""heart failure""[Title])","2026/07/01:2026/07/29[Date - Publication] AND ""open access""[Filter] AND ""cohort study""[Title] AND (""cardiovascular""[Title] OR ""metabolic""[Title] OR ""diabetes""[Title] OR ""coronary""[Title] OR ""stroke""[Title] OR ""heart failure""[Title])",2026-07-29T20:43:36+00:00,13351598,PMC13351598,,10.7189/jogh.16.04212,Association between high maternal haemoglobin levels in the first trimester and gestational diabetes mellitus: a prospective birth cohort study.,2026 Jul 10,no,requires_full_text_screen
DISC-2026-07-29-PMC-01,NCBI ESearch db=pmc,"(""2026/07/01""[Publication Date] : ""2026/07/29""[Publication Date]) AND open_access[filter] AND ""cohort study""[Title] AND (cardiovascular[Title] OR metabolic[Title] OR diabetes[Title] OR coronary[Title] OR stroke[Title] OR ""heart failure""[Title])","2026/07/01:2026/07/29[Date - Publication] AND ""open access""[Filter] AND ""cohort study""[Title] AND (""cardiovascular""[Title] OR ""metabolic""[Title] OR ""diabetes""[Title] OR ""coronary""[Title] OR ""stroke""[Title] OR ""heart failure""[Title])",2026-07-29T20:43:36+00:00,13351211,PMC13351211,,10.1177/00368504261466110,Association between dietary index for gut microbiota and all-cause and cardiovascular disease mortality in patients with gout and hyperuricemia: A prospective cohort study.,2026 Jul-Sep,no,requires_full_text_screen
DISC-2026-07-29-PMC-01,NCBI ESearch db=pmc,"(""2026/07/01""[Publication Date] : ""2026/07/29""[Publication Date]) AND open_access[filter] AND ""cohort study""[Title] AND (cardiovascular[Title] OR metabolic[Title] OR diabetes[Title] OR coronary[Title] OR stroke[Title] OR ""heart failure""[Title])","2026/07/01:2026/07/29[Date - Publication] AND ""open access""[Filter] AND ""cohort study""[Title] AND (""cardiovascular""[Title] OR ""metabolic""[Title] OR ""diabetes""[Title] OR ""coronary""[Title] OR ""stroke""[Title] OR ""heart failure""[Title])",2026-07-29T20:43:36+00:00,13352046,PMC13352046,,10.1016/j.jnha.2026.100918,"Corrigendum to ""Association of serum 25-hydroxyvitamin D with the risk of depression in individuals with prediabetes and diabetes: A prospective cohort study"" [J Nutr Health Aging, 29 (2025) 100556].",2026 Jul 1,no,requires_full_text_screen
DISC-2026-07-29-PMC-01,NCBI ESearch db=pmc,"(""2026/07/01""[Publication Date] : ""2026/07/29""[Publication Date]) AND open_access[filter] AND ""cohort study""[Title] AND (cardiovascular[Title] OR metabolic[Title] OR diabetes[Title] OR coronary[Title] OR stroke[Title] OR ""heart failure""[Title])","2026/07/01:2026/07/29[Date - Publication] AND ""open access""[Filter] AND ""cohort study""[Title] AND (""cardiovascular""[Title] OR ""metabolic""[Title] OR ""diabetes""[Title] OR ""coronary""[Title] OR ""stroke""[Title] OR ""heart failure""[Title])",2026-07-29T20:43:36+00:00,13346412,PMC13346412,,10.1007/s40200-026-02002-6,Association between SARS-CoV-2 and diabetes: A population-based cohort study using the UK CPRD GOLD database.,2026 Dec,no,requires_full_text_screen
DISC-2026-07-29-PMC-01,NCBI ESearch db=pmc,"(""2026/07/01""[Publication Date] : ""2026/07/29""[Publication Date]) AND open_access[filter] AND ""cohort study""[Title] AND (cardiovascular[Title] OR metabolic[Title] OR diabetes[Title] OR coronary[Title] OR stroke[Title] OR ""heart failure""[Title])","2026/07/01:2026/07/29[Date - Publication] AND ""open access""[Filter] AND ""cohort study""[Title] AND (""cardiovascular""[Title] OR ""metabolic""[Title] OR ""diabetes""[Title] OR ""coronary""[Title] OR ""stroke""[Title] OR ""heart failure""[Title])",2026-07-29T20:43:36+00:00,13349322,PMC13349322,,10.2196/80377,Quantifying the Predictive Power of Social Determinants of Health in Cardiovascular Disease and Type 2 Diabetes Progression Using XGBoost: Retrospective Cohort Study.,2026 Jul 9,no,requires_full_text_screen
DISC-2026-07-29-PMC-01,NCBI ESearch db=pmc,"(""2026/07/01""[Publication Date] : ""2026/07/29""[Publication Date]) AND open_access[filter] AND ""cohort study""[Title] AND (cardiovascular[Title] OR metabolic[Title] OR diabetes[Title] OR coronary[Title] OR stroke[Title] OR ""heart failure""[Title])","2026/07/01:2026/07/29[Date - Publication] AND ""open access""[Filter] AND ""cohort study""[Title] AND (""cardiovascular""[Title] OR ""metabolic""[Title] OR ""diabetes""[Title] OR ""coronary""[Title] OR ""stroke""[Title] OR ""heart failure""[Title])",2026-07-29T20:43:36+00:00,13349133,PMC13349133,,10.1371/journal.pone.0353160,Metabolic risk and metabolic dysfunction-associated steatotic liver disease and steatohepatitis in cognitive decline: A retrospective cohort study.,2026,no,requires_full_text_screen
DISC-2026-07-29-PMC-01,NCBI ESearch db=pmc,"(""2026/07/01""[Publication Date] : ""2026/07/29""[Publication Date]) AND open_access[filter] AND ""cohort study""[Title] AND (cardiovascular[Title] OR metabolic[Title] OR diabetes[Title] OR coronary[Title] OR stroke[Title] OR ""heart failure""[Title])","2026/07/01:2026/07/29[Date - Publication] AND ""open access""[Filter] AND ""cohort study""[Title] AND (""cardiovascular""[Title] OR ""metabolic""[Title] OR ""diabetes""[Title] OR ""coronary""[Title] OR ""stroke""[Title] OR ""heart failure""[Title])",2026-07-29T20:43:36+00:00,13349111,PMC13349111,,10.1002/ueg2.70255,Rising Burden and Clinical Impact of Metabolic Syndrome in Inflammatory Bowel Disease: A Real-World Cohort Study.,2026 Jul,no,requires_full_text_screen
DISC-2026-07-29-PMC-01,NCBI ESearch db=pmc,"(""2026/07/01""[Publication Date] : ""2026/07/29""[Publication Date]) AND open_access[filter] AND ""cohort study""[Title] AND (cardiovascular[Title] OR metabolic[Title] OR diabetes[Title] OR coronary[Title] OR stroke[Title] OR ""heart failure""[Title])","2026/07/01:2026/07/29[Date - Publication] AND ""open access""[Filter] AND ""cohort study""[Title] AND (""cardiovascular""[Title] OR ""metabolic""[Title] OR ""diabetes""[Title] OR ""coronary""[Title] OR ""stroke""[Title] OR ""heart failure""[Title])",2026-07-29T20:43:36+00:00,13347318,PMC13347318,,10.1002/brb3.71578,The Prognostic Role of C-Reactive Protein-Triglyceride Glucose Index in Predicting Unfavorable Outcomes in Acute Ischemic Stroke: A Large-Scale Cohort Study.,2026 Jul,no,requires_full_text_screen
DISC-2026-07-29-PMC-01,NCBI ESearch db=pmc,"(""2026/07/01""[Publication Date] : ""2026/07/29""[Publication Date]) AND open_access[filter] AND ""cohort study""[Title] AND (cardiovascular[Title] OR metabolic[Title] OR diabetes[Title] OR coronary[Title] OR stroke[Title] OR ""heart failure""[Title])","2026/07/01:2026/07/29[Date - Publication] AND ""open access""[Filter] AND ""cohort study""[Title] AND (""cardiovascular""[Title] OR ""metabolic""[Title] OR ""diabetes""[Title] OR ""coronary""[Title] OR ""stroke""[Title] OR ""heart failure""[Title])",2026-07-29T20:43:36+00:00,13344933,PMC13344933,,10.2196/86651,App-Based Digital Therapeutics Integrating Continuous Glucose Monitoring for Glycemic Control in Type 2 Diabetes: Prospective Observational Cohort Study.,2026 Jul 8,no,requires_full_text_screen
DISC-2026-07-29-PMC-01,NCBI ESearch db=pmc,"(""2026/07/01""[Publication Date] : ""2026/07/29""[Publication Date]) AND open_access[filter] AND ""cohort study""[Title] AND (cardiovascular[Title] OR metabolic[Title] OR diabetes[Title] OR coronary[Title] OR stroke[Title] OR ""heart failure""[Title])","2026/07/01:2026/07/29[Date - Publication] AND ""open access""[Filter] AND ""cohort study""[Title] AND (""cardiovascular""[Title] OR ""metabolic""[Title] OR ""diabetes""[Title] OR ""coronary""[Title] OR ""stroke""[Title] OR ""heart failure""[Title])",2026-07-29T20:43:36+00:00,13345235,PMC13345235,,10.1371/journal.pone.0351075,Heterogeneous associations of socioeconomic status with metabolic disease in racial and ethnic subgroups in the United States: A cross-sectional cohort study in NHANES and All Of Us.,2026,no,exclude_title:cross_sectional
DISC-2026-07-29-PMC-01,NCBI ESearch db=pmc,"(""2026/07/01""[Publication Date] : ""2026/07/29""[Publication Date]) AND open_access[filter] AND ""cohort study""[Title] AND (cardiovascular[Title] OR metabolic[Title] OR diabetes[Title] OR coronary[Title] OR stroke[Title] OR ""heart failure""[Title])","2026/07/01:2026/07/29[Date - Publication] AND ""open access""[Filter] AND ""cohort study""[Title] AND (""cardiovascular""[Title] OR ""metabolic""[Title] OR ""diabetes""[Title] OR ""coronary""[Title] OR ""stroke""[Title] OR ""heart failure""[Title])",2026-07-29T20:43:36+00:00,13343054,PMC13343054,,10.1136/bmjopen-2026-116572,"Clinical, procedural and patient-reported outcomes of the Ultimaster Nagomi sirolimus-eluting coronary stent in complex percutaneous coronary intervention: the NAGOMI COMPLEX prospective cohort study protocol.",2026 Jul 7,no,requires_full_text_screen
DISC-2026-07-29-PMC-01,NCBI ESearch db=pmc,"(""2026/07/01""[Publication Date] : ""2026/07/29""[Publication Date]) AND open_access[filter] AND ""cohort study""[Title] AND (cardiovascular[Title] OR metabolic[Title] OR diabetes[Title] OR coronary[Title] OR stroke[Title] OR ""heart failure""[Title])","2026/07/01:2026/07/29[Date - Publication] AND ""open access""[Filter] AND ""cohort study""[Title] AND (""cardiovascular""[Title] OR ""metabolic""[Title] OR ""diabetes""[Title] OR ""coronary""[Title] OR ""stroke""[Title] OR ""heart failure""[Title])",2026-07-29T20:43:36+00:00,13343042,PMC13343042,,10.1136/bmjopen-2025-112641,Income level and the risk of incident dementia among adults aged ≥50 with newly diagnosed type 2 diabetes: a population-based cohort study using the NHIS-Senior database in South Korea.,2026 Jul 6,no,requires_full_text_screen
DISC-2026-07-29-PMC-01,NCBI ESearch db=pmc,"(""2026/07/01""[Publication Date] : ""2026/07/29""[Publication Date]) AND open_access[filter] AND ""cohort study""[Title] AND (cardiovascular[Title] OR metabolic[Title] OR diabetes[Title] OR coronary[Title] OR stroke[Title] OR ""heart failure""[Title])","2026/07/01:2026/07/29[Date - Publication] AND ""open access""[Filter] AND ""cohort study""[Title] AND (""cardiovascular""[Title] OR ""metabolic""[Title] OR ""diabetes""[Title] OR ""coronary""[Title] OR ""stroke""[Title] OR ""heart failure""[Title])",2026-07-29T20:43:36+00:00,13343087,PMC13343087,,10.1136/bmjopen-2025-113148,"Understanding the impact of the follow-up period on the association between excess body weight, and cardiovascular events and mortality: a prospective cohort study of the UK Biobank.",2026 Jul 3,no,requires_full_text_screen
DISC-2026-07-29-PMC-01,NCBI ESearch db=pmc,"(""2026/07/01""[Publication Date] : ""2026/07/29""[Publication Date]) AND open_access[filter] AND ""cohort study""[Title] AND (cardiovascular[Title] OR metabolic[Title] OR diabetes[Title] OR coronary[Title] OR stroke[Title] OR ""heart failure""[Title])","2026/07/01:2026/07/29[Date - Publication] AND ""open access""[Filter] AND ""cohort study""[Title] AND (""cardiovascular""[Title] OR ""metabolic""[Title] OR ""diabetes""[Title] OR ""coronary""[Title] OR ""stroke""[Title] OR ""heart failure""[Title])",2026-07-29T20:43:36+00:00,13341244,PMC13341244,,10.1093/cid/ciag261,Renal and Cardiovascular Complications Following Type 2 Diabetes Mellitus in People With and Without HIV: Data From the Cohort Study on Morbidity and HIV in Sweden (COSMOHS) Between 2010 and 2024.,2026 Jul 8,yes,requires_full_text_screen
DISC-2026-07-29-PMC-01,NCBI ESearch db=pmc,"(""2026/07/01""[Publication Date] : ""2026/07/29""[Publication Date]) AND open_access[filter] AND ""cohort study""[Title] AND (cardiovascular[Title] OR metabolic[Title] OR diabetes[Title] OR coronary[Title] OR stroke[Title] OR ""heart failure""[Title])","2026/07/01:2026/07/29[Date - Publication] AND ""open access""[Filter] AND ""cohort study""[Title] AND (""cardiovascular""[Title] OR ""metabolic""[Title] OR ""diabetes""[Title] OR ""coronary""[Title] OR ""stroke""[Title] OR ""heart failure""[Title])",2026-07-29T20:43:36+00:00,13340667,PMC13340667,,10.2196/91051,Yiqi Fumai Lyophilized Injection for Improving Exercise Tolerance in Chronic Heart Failure: Protocol for a Prospective Cohort Study.,2026 Jul 7,no,requires_full_text_screen
DISC-2026-07-29-PMC-01,NCBI ESearch db=pmc,"(""2026/07/01""[Publication Date] : ""2026/07/29""[Publication Date]) AND open_access[filter] AND ""cohort study""[Title] AND (cardiovascular[Title] OR metabolic[Title] OR diabetes[Title] OR coronary[Title] OR stroke[Title] OR ""heart failure""[Title])","2026/07/01:2026/07/29[Date - Publication] AND ""open access""[Filter] AND ""cohort study""[Title] AND (""cardiovascular""[Title] OR ""metabolic""[Title] OR ""diabetes""[Title] OR ""coronary""[Title] OR ""stroke""[Title] OR ""heart failure""[Title])",2026-07-29T20:43:36+00:00,13337675,PMC13337675,,10.1007/s00420-026-02224-4,Occupational particle exposure and diabetes: a cohort study in Swedish construction workers.,2026 Jul 6,no,requires_full_text_screen
DISC-2026-07-29-PMC-01,NCBI ESearch db=pmc,"(""2026/07/01""[Publication Date] : ""2026/07/29""[Publication Date]) AND open_access[filter] AND ""cohort study""[Title] AND (cardiovascular[Title] OR metabolic[Title] OR diabetes[Title] OR coronary[Title] OR stroke[Title] OR ""heart failure""[Title])","2026/07/01:2026/07/29[Date - Publication] AND ""open access""[Filter] AND ""cohort study""[Title] AND (""cardiovascular""[Title] OR ""metabolic""[Title] OR ""diabetes""[Title] OR ""coronary""[Title] OR ""stroke""[Title] OR ""heart failure""[Title])",2026-07-29T20:43:36+00:00,13337053,PMC13337053,,10.1097/md.0000000000049321,"Mortality trends and projections for type 2 diabetes with concomitant Parkinson's versus Alzheimer's disease among older United States adults, 1999-2023: A retrospective cohort study.",2026 Jul 3,no,requires_full_text_screen
DISC-2026-07-29-PMC-01,NCBI ESearch db=pmc,"(""2026/07/01""[Publication Date] : ""2026/07/29""[Publication Date]) AND open_access[filter] AND ""cohort study""[Title] AND (cardiovascular[Title] OR metabolic[Title] OR diabetes[Title] OR coronary[Title] OR stroke[Title] OR ""heart failure""[Title])","2026/07/01:2026/07/29[Date - Publication] AND ""open access""[Filter] AND ""cohort study""[Title] AND (""cardiovascular""[Title] OR ""metabolic""[Title] OR ""diabetes""[Title] OR ""coronary""[Title] OR ""stroke""[Title] OR ""heart failure""[Title])",2026-07-29T20:43:36+00:00,13337000,PMC13337000,,10.1097/md.0000000000049567,Association between hemoglobin glycation index and new-onset diabetes mellitus in individuals with chronic liver disease: Findings from a prospective cohort study using CHARLS data.,2026 Jul 3,no,requires_full_text_screen
DISC-2026-07-29-PMC-01,NCBI ESearch db=pmc,"(""2026/07/01""[Publication Date] : ""2026/07/29""[Publication Date]) AND open_access[filter] AND ""cohort study""[Title] AND (cardiovascular[Title] OR metabolic[Title] OR diabetes[Title] OR coronary[Title] OR stroke[Title] OR ""heart failure""[Title])","2026/07/01:2026/07/29[Date - Publication] AND ""open access""[Filter] AND ""cohort study""[Title] AND (""cardiovascular""[Title] OR ""metabolic""[Title] OR ""diabetes""[Title] OR ""coronary""[Title] OR ""stroke""[Title] OR ""heart failure""[Title])",2026-07-29T20:43:36+00:00,13336533,PMC13336533,,10.2196/93631,Health-Related Digital Engagement and Incident Stroke Among Older Adults: Prospective Cohort Study.,2026 Jul 6,yes,requires_full_text_screen
DISC-2026-07-29-PMC-01,NCBI ESearch db=pmc,"(""2026/07/01""[Publication Date] : ""2026/07/29""[Publication Date]) AND open_access[filter] AND ""cohort study""[Title] AND (cardiovascular[Title] OR metabolic[Title] OR diabetes[Title] OR coronary[Title] OR stroke[Title] OR ""heart failure""[Title])","2026/07/01:2026/07/29[Date - Publication] AND ""open access""[Filter] AND ""cohort study""[Title] AND (""cardiovascular""[Title] OR ""metabolic""[Title] OR ""diabetes""[Title] OR ""coronary""[Title] OR ""stroke""[Title] OR ""heart failure""[Title])",2026-07-29T20:43:36+00:00,13335360,PMC13335360,,10.1186/s12933-026-03208-x,Comparative performance of insulin resistance-related indices in predicting adverse cardiovascular events among individuals with NAFLD and MASLD: a multi-center cohort study.,2026 Jul 4,no,requires_full_text_screen
DISC-2026-07-29-PMC-01,NCBI ESearch db=pmc,"(""2026/07/01""[Publication Date] : ""2026/07/29""[Publication Date]) AND open_access[filter] AND ""cohort study""[Title] AND (cardiovascular[Title] OR metabolic[Title] OR diabetes[Title] OR coronary[Title] OR stroke[Title] OR ""heart failure""[Title])","2026/07/01:2026/07/29[Date - Publication] AND ""open access""[Filter] AND ""cohort study""[Title] AND (""cardiovascular""[Title] OR ""metabolic""[Title] OR ""diabetes""[Title] OR ""coronary""[Title] OR ""stroke""[Title] OR ""heart failure""[Title])",2026-07-29T20:43:36+00:00,13337222,PMC13337222,,10.1093/eurheartj/ehaf677,Major cardiovascular events in first-degree relatives of individuals with elevated plasma lipoprotein(a): a registry-based cohort study.,2026 Jul 7,no,requires_full_text_screen
DISC-2026-07-29-PMC-01,NCBI ESearch db=pmc,"(""2026/07/01""[Publication Date] : ""2026/07/29""[Publication Date]) AND open_access[filter] AND ""cohort study""[Title] AND (cardiovascular[Title] OR metabolic[Title] OR diabetes[Title] OR coronary[Title] OR stroke[Title] OR ""heart failure""[Title])","2026/07/01:2026/07/29[Date - Publication] AND ""open access""[Filter] AND ""cohort study""[Title] AND (""cardiovascular""[Title] OR ""metabolic""[Title] OR ""diabetes""[Title] OR ""coronary""[Title] OR ""stroke""[Title] OR ""heart failure""[Title])",2026-07-29T20:43:36+00:00,13331199,PMC13331199,,10.1136/bmjno-2025-001538,Leucocytosis and outcomes in older ICU patients after ischaemic stroke: a binational multicentre cohort study.,2026,no,requires_full_text_screen
DISC-2026-07-29-PMC-01,NCBI ESearch db=pmc,"(""2026/07/01""[Publication Date] : ""2026/07/29""[Publication Date]) AND open_access[filter] AND ""cohort study""[Title] AND (cardiovascular[Title] OR metabolic[Title] OR diabetes[Title] OR coronary[Title] OR stroke[Title] OR ""heart failure""[Title])","2026/07/01:2026/07/29[Date - Publication] AND ""open access""[Filter] AND ""cohort study""[Title] AND (""cardiovascular""[Title] OR ""metabolic""[Title] OR ""diabetes""[Title] OR ""coronary""[Title] OR ""stroke""[Title] OR ""heart failure""[Title])",2026-07-29T20:43:36+00:00,13331347,PMC13331347,,10.1093/bjsopen/zrag054,Development of a predictive model for postoperative body mass index and diabetes outcomes after metabolic bariatric surgery: retrospective cohort study.,2026 Jul 3,no,exclude_title:prediction_or_ml
DISC-2026-07-29-PMC-01,NCBI ESearch db=pmc,"(""2026/07/01""[Publication Date] : ""2026/07/29""[Publication Date]) AND open_access[filter] AND ""cohort study""[Title] AND (cardiovascular[Title] OR metabolic[Title] OR diabetes[Title] OR coronary[Title] OR stroke[Title] OR ""heart failure""[Title])","2026/07/01:2026/07/29[Date - Publication] AND ""open access""[Filter] AND ""cohort study""[Title] AND (""cardiovascular""[Title] OR ""metabolic""[Title] OR ""diabetes""[Title] OR ""coronary""[Title] OR ""stroke""[Title] OR ""heart failure""[Title])",2026-07-29T20:43:36+00:00,13329938,PMC13329938,,10.7189/jogh.16.04204,Conjoint association of gestational diabetes mellitus and hypertensive disorders of pregnancy with long-term risk of mortality: a population-based cohort study.,2026 Jul 3,no,requires_full_text_screen
DISC-2026-07-29-PMC-01,NCBI ESearch db=pmc,"(""2026/07/01""[Publication Date] : ""2026/07/29""[Publication Date]) AND open_access[filter] AND ""cohort study""[Title] AND (cardiovascular[Title] OR metabolic[Title] OR diabetes[Title] OR coronary[Title] OR stroke[Title] OR ""heart failure""[Title])","2026/07/01:2026/07/29[Date - Publication] AND ""open access""[Filter] AND ""cohort study""[Title] AND (""cardiovascular""[Title] OR ""metabolic""[Title] OR ""diabetes""[Title] OR ""coronary""[Title] OR ""stroke""[Title] OR ""heart failure""[Title])",2026-07-29T20:43:36+00:00,13329086,PMC13329086,,10.1111/ggi.70627,Association of Frailty and Its Trajectories With the Risk of Cardiovascular-Kidney-Metabolic Syndrome Progression: A Longitudinal Cohort Study.,2026 Jul,no,requires_full_text_screen
DISC-2026-07-29-PMC-01,NCBI ESearch db=pmc,"(""2026/07/01""[Publication Date] : ""2026/07/29""[Publication Date]) AND open_access[filter] AND ""cohort study""[Title] AND (cardiovascular[Title] OR metabolic[Title] OR diabetes[Title] OR coronary[Title] OR stroke[Title] OR ""heart failure""[Title])","2026/07/01:2026/07/29[Date - Publication] AND ""open access""[Filter] AND ""cohort study""[Title] AND (""cardiovascular""[Title] OR ""metabolic""[Title] OR ""diabetes""[Title] OR ""coronary""[Title] OR ""stroke""[Title] OR ""heart failure""[Title])",2026-07-29T20:43:36+00:00,13327202,PMC13327202,,10.1371/journal.pone.0352164,"Short-term effects of alcohol detoxification on cardiovascular, hematological, and oxidative stress biomarkers: A prospective cohort study.",2026,no,requires_full_text_screen
DISC-2026-07-29-PMC-01,NCBI ESearch db=pmc,"(""2026/07/01""[Publication Date] : ""2026/07/29""[Publication Date]) AND open_access[filter] AND ""cohort study""[Title] AND (cardiovascular[Title] OR metabolic[Title] OR diabetes[Title] OR coronary[Title] OR stroke[Title] OR ""heart failure""[Title])","2026/07/01:2026/07/29[Date - Publication] AND ""open access""[Filter] AND ""cohort study""[Title] AND (""cardiovascular""[Title] OR ""metabolic""[Title] OR ""diabetes""[Title] OR ""coronary""[Title] OR ""stroke""[Title] OR ""heart failure""[Title])",2026-07-29T20:43:36+00:00,13327123,PMC13327123,,10.1371/journal.pone.0351763,Heart failure hospitalization in patients with and without type 2 diabetes: A population-based retrospective cohort study.,2026,no,requires_full_text_screen
DISC-2026-07-29-PMC-01,NCBI ESearch db=pmc,"(""2026/07/01""[Publication Date] : ""2026/07/29""[Publication Date]) AND open_access[filter] AND ""cohort study""[Title] AND (cardiovascular[Title] OR metabolic[Title] OR diabetes[Title] OR coronary[Title] OR stroke[Title] OR ""heart failure""[Title])","2026/07/01:2026/07/29[Date - Publication] AND ""open access""[Filter] AND ""cohort study""[Title] AND (""cardiovascular""[Title] OR ""metabolic""[Title] OR ""diabetes""[Title] OR ""coronary""[Title] OR ""stroke""[Title] OR ""heart failure""[Title])",2026-07-29T20:43:36+00:00,13322554,PMC13322554,,10.1371/journal.pone.0353113,Admission NT-proBNP provides stronger prognostic discrimination than the AHEAD score for 1-year mortality in hospitalized acute heart failure: A retrospective cohort study.,2026,no,requires_full_text_screen
DISC-2026-07-29-PMC-01,NCBI ESearch db=pmc,"(""2026/07/01""[Publication Date] : ""2026/07/29""[Publication Date]) AND open_access[filter] AND ""cohort study""[Title] AND (cardiovascular[Title] OR metabolic[Title] OR diabetes[Title] OR coronary[Title] OR stroke[Title] OR ""heart failure""[Title])","2026/07/01:2026/07/29[Date - Publication] AND ""open access""[Filter] AND ""cohort study""[Title] AND (""cardiovascular""[Title] OR ""metabolic""[Title] OR ""diabetes""[Title] OR ""coronary""[Title] OR ""stroke""[Title] OR ""heart failure""[Title])",2026-07-29T20:43:36+00:00,13310656,PMC13310656,,10.1111/ggi.70622,Associations of Handgrip Strength Weakness and Asymmetry With New-Onset Stroke in Middle-Aged and Older Adults: A Prospective Cohort Study in Europe.,2026 Jul,yes,requires_full_text_screen
DISC-2026-07-29-PMC-01,NCBI ESearch db=pmc,"(""2026/07/01""[Publication Date] : ""2026/07/29""[Publication Date]) AND open_access[filter] AND ""cohort study""[Title] AND (cardiovascular[Title] OR metabolic[Title] OR diabetes[Title] OR coronary[Title] OR stroke[Title] OR ""heart failure""[Title])","2026/07/01:2026/07/29[Date - Publication] AND ""open access""[Filter] AND ""cohort study""[Title] AND (""cardiovascular""[Title] OR ""metabolic""[Title] OR ""diabetes""[Title] OR ""coronary""[Title] OR ""stroke""[Title] OR ""heart failure""[Title])",2026-07-29T20:43:36+00:00,13138023,PMC13138023,,10.1590/2175-8239-jbn-2025-0241en,Impact of acute kidney injury on clinical and functional outcomes in patients undergoing coronary artery bypass grafting: a prospective cohort study.,2026 Jul-Sep,no,requires_full_text_screen
