paper_id,title,authors,journal,doi,pmcid,stable_url,open_access_license,study_design,clinical_topic,population,exposure_or_primary_predictor,outcome,earliest_public_date,earliest_public_date_evidence,cutoff_eligible,candidate_results_paragraphs,candidate_interpretation_paragraphs,candidate_limitation_paragraphs,same_paper_distractors_feasible,table_figure_dependence,specialist_knowledge_burden,inclusion_recommendation,exclusion_reason_or_unresolved_concern,candidate_paragraph_1,candidate_paragraph_2,candidate_paragraph_3,source_citations
CP-001,Sex–specific associations between frailty and long-term outcomes in patients with acute myocardial infarction: a national population-based study,Mohiaddin Hasan; Mosanya Chijioke Horatio; Lawson Claire; Khunti Kamlesh; Wood Angela; Squire Iain B.; McCann Gerry P.; Damluji Abdulla A.; Buccheri Sergio; Alkhouli Mohamad A.; Mamas Mamas A.; Rashid Muhammad,The Lancet Regional Health - Europe,10.1016/j.lanepe.2026.101612,PMC12925122,https://pmc.ncbi.nlm.nih.gov/articles/PMC12925122/,ccbylicense — https://creativecommons.org/licenses/by/4.0/,retrospective national registry/EHR-linked cohort (MINAP linked to hospital admission and mortality registries),cardiovascular epidemiology — acute myocardial infarction outcomes,"931,133 adults admitted with acute myocardial infarction in England and Wales, 2005-2019",frailty severity (SCARF index) and sex,"all-cause mortality at 1 year (primary); MACE, cardiovascular death, heart failure readmission at 30 days and 1 year",2026-02-12,"JATS pub-date[epub]=2026-02-12 in the PMC OA XML; Lancet Reg Health Eur 2026;101612 (DOI 10.1016/j.lanepe.2026.101612); history[received]=2025-10-09 post-dates the cutoff, so no pre-cutoff version can exist; targeted preprint/abstract search returned no earlier posting",yes,6 (+0 at 221-350w),5 (+2 at 221-350w),0 (+0 at 221-350w),yes,low (11% of body paragraphs reference or embed a table/figure),medium,strong,"'Research in context' box (paragraph 0) restates the headline findings and is a same-paper leakage hazard: it must be excluded from true-context and distractor windows. Only limitation paragraph (idx 30, 280 w) is a combined strengths+limitations paragraph above the 220-word preferred band.","Results > Clinical outcomes | 130w | results | ""In unadjusted analyses (Supplementary Figure S5 and Supplementary Table S3), males who…""","Results > Adjusted outcomes | 207w | results | ""After multivariable adjustment, greater frailty at 1-year was associated with higher risks…""","Discussion | 136w | interpretation | ""Our findings that frailty is strongly associated with adverse outcomes after AMI…""","Bibliographic fields, license and all dates: JATS XML for PMC12925122 in the PMC Open Access Subset, retrieved from the AWS Open Data mirror s3://pmc-oa-opendata (https://pmc-oa-opendata.s3.amazonaws.com/). Dates recorded in that XML: history[accepted]=2026-01-28; history[received]=2025-10-09; history[rev-recd]=2026-01-23; pub-date[collection]=2026-05; pub-date[epub]=2026-02-12. Paragraph counts, word counts, section paths, opening words and table/figure dependence: computed from the same XML by scripts/screen_pmc_article.py. Design, population, exposure, outcome: the article's own Abstract and Methods sections in that XML. Earliest-public-date evidence: see earliest_public_date_evidence. Article page: https://pmc.ncbi.nlm.nih.gov/articles/PMC12925122/"
CP-002,Percutaneous Coronary Intervention Outcomes by 5 Major Race and Ethnic Subgroups,Kapoor Arjun B.; Farhan Serdar; Vinayak Manish; Sartori Samantha; Feng Yihan; Prakash Yash; Mehran Roxana; Kini Annapoorna; Bhatt Deepak L.; Sharma Samin K.,JACC: Advances,10.1016/j.jacadv.2025.101767,PMC12141897,https://pmc.ncbi.nlm.nih.gov/articles/PMC12141897/,ccbyncndlicense — https://creativecommons.org/licenses/by-nc-nd/4.0/,retrospective cohort analysis of a prospectively collected single-centre PCI registry,cardiovascular epidemiology — percutaneous coronary intervention outcomes,"21,236 patients undergoing PCI at a single US centre, 2012-2022",race and ethnicity (White/Black/Hispanic/South Asian/East Asian) with census-derived socioeconomic status,1-year major adverse cardiovascular events (MACE),2025-05-13,"JATS pub-date[epub]=2025-05-13; JACC Adv 2025 (DOI 10.1016/j.jacadv.2025.101767); history[received]=2024-12-30 post-dates the cutoff, so no pre-cutoff version can exist; targeted preprint search returned no earlier posting",yes,4 (+1 at 221-350w),5 (+2 at 221-350w),1 (+0 at 221-350w),yes,low (14% of body paragraphs reference or embed a table/figure),low,strong,"Single-centre registry limits generalisability but does not affect screening eligibility. Limitation paragraph (idx 18, 114 w) sits squarely in the preferred band.","Results > Outcomes | 182w | results | ""One-year Kaplan-Meier plots are displayed in Figure 2 and Central Illustration. One-year…""","Results > Subgroup analysis | 119w | results | ""To further elucidate the clinical outcomes among different racial groups, we performed…""","Discussion | 248w | interpretation | ""Remarkably, South Asian patients exhibited a significantly lower risk of MACE and…""","Bibliographic fields, license and all dates: JATS XML for PMC12141897 in the PMC Open Access Subset, retrieved from the AWS Open Data mirror s3://pmc-oa-opendata (https://pmc-oa-opendata.s3.amazonaws.com/). Dates recorded in that XML: history[accepted]=2025-03-26; history[received]=2024-12-30; history[rev-recd]=2025-03-20; pub-date[collection]=2025-06; pub-date[epub]=2025-05-13. Paragraph counts, word counts, section paths, opening words and table/figure dependence: computed from the same XML by scripts/screen_pmc_article.py. Design, population, exposure, outcome: the article's own Abstract and Methods sections in that XML. Earliest-public-date evidence: see earliest_public_date_evidence. Article page: https://pmc.ncbi.nlm.nih.gov/articles/PMC12141897/"
CP-003,Gastrointestinal Surgery Status and the Risks of Ischemic Stroke and Safety Outcomes With Direct Oral Anticoagulants Versus Warfarin in Atrial Fibrillation: A Nationwide Population-Based Cohort Study,Ha Jiyeon; Yang Wookjin; Kim Mi-Sook; Lee Eung-Joon; Chung Matthew; Yang Boyeon; Jang Hyemin; Kim Jeong-Min; Jung Keun-Hwa; Lee Seung-Hoon,Journal of Stroke,10.5853/jos.2025.05295,PMC13243855,https://pmc.ncbi.nlm.nih.gov/articles/PMC13243855/,ccbynclicense — https://creativecommons.org/licenses/by-nc/4.0/,nationwide claims-based observational cohort (Korean Health Insurance Review and Assessment database),cardiovascular epidemiology — atrial fibrillation anticoagulation and stroke,"388,214 adults with atrial fibrillation newly prescribed oral anticoagulants in South Korea, 2015-2021",oral anticoagulant type (DOAC vs warfarin) stratified by gastrointestinal surgery status,"incident ischaemic stroke (primary); major bleeding, all-cause death, composite (secondary)",2026-04-23,"JATS pub-date[epub]=2026-04-23; J Stroke 2026;28(2):228-239; history[received]=2025-10-25 post-dates the cutoff, so no pre-cutoff version can exist; targeted preprint search returned no earlier posting",yes,3 (+0 at 221-350w),3 (+0 at 221-350w),0 (+1 at 221-350w),yes,medium (22% of body paragraphs reference or embed a table/figure),medium,strong,"Comparative drug-effectiveness framing requires the annotator to score treatment-effect claims as associational, not causal. Limitation paragraph (idx 34, 337 w) needs explicit length justification.","Results > Primary outcome: risk of ischemic stroke | 87w | results | ""During follow-up, 12,512 (3.2%) patients experienced ischemic stroke. In the 4-group comparison,…""","Results > Secondary outcomes: risk of major bleeding, all-cause death, and composite outcome | 149w | results | ""In the study population, 11,906 (3.1%) patients experienced major bleeding, 29,408 (7.57%)…""","Discussion | 140w | interpretation | ""In this nationwide observational cohort study of AF patients, 4-group comparison stratified…""","Bibliographic fields, license and all dates: JATS XML for PMC13243855 in the PMC Open Access Subset, retrieved from the AWS Open Data mirror s3://pmc-oa-opendata (https://pmc-oa-opendata.s3.amazonaws.com/). Dates recorded in that XML: history[accepted]=2026-01-23; history[received]=2025-10-25; history[rev-recd]=2025-12-24; pub-date[epub]=2026-04-23; pub-date[ppub]=2026-05. Paragraph counts, word counts, section paths, opening words and table/figure dependence: computed from the same XML by scripts/screen_pmc_article.py. Design, population, exposure, outcome: the article's own Abstract and Methods sections in that XML. Earliest-public-date evidence: see earliest_public_date_evidence. Article page: https://pmc.ncbi.nlm.nih.gov/articles/PMC13243855/"
CP-004,Cardiovascular complications and mortality in patients with youth-onset type 1 and type 2 diabetes: a population-based long-term follow-up study,Shen Xiao-Han; Chen Hua-Fen; Chen Yong-Chen; Chang Chin-Huan; Lin Rong,BMJ Public Health,10.1136/bmjph-2025-003402,PMC12911675,https://pmc.ncbi.nlm.nih.gov/articles/PMC12911675/,ccbynclicense — https://creativecommons.org/licenses/by-nc/4.0/,nationwide population-based cohort (Taiwan National Health Insurance databases linked to the National Death Registry),metabolic and cardiovascular epidemiology — youth-onset diabetes,"506,524 patients with youth-onset type 1 or type 2 diabetes (onset <40 years) in Taiwan, median 10-year follow-up",diabetes type and age at diabetes onset (T1D<25 / T1D25-39 / T2D<25 / T2D25-39),"ischaemic heart disease, heart failure, stroke, composite CVD, all-cause and cardiovascular mortality",2026-02-16,"JATS pub-date[epub]=2026-02-16; BMJ Public Health 2026; history[received]=2025-06-22 post-dates the cutoff, so no pre-cutoff version can exist; targeted preprint search returned no earlier posting",yes,3 (+1 at 221-350w),4 (+0 at 221-350w),0 (+0 at 221-350w),yes,low (18% of body paragraphs reference or embed a table/figure),medium,strong,"Dense group-label notation (T2D<25, aHR, ACM, CVM) raises annotation load. The dedicated limitations paragraph (idx 19, 372 w) exceeds even the 350-word ceiling and is therefore NOT usable as a limitation target; only Results and interpretation slots are available from this paper.","Results > General characteristics of the study subjects | 274w | results | ""The median age of diabetes onset in the T1D<25 group was 12…""","Results > Overall incidence densities and relative hazards of various cardiovascular complications and mortality | 119w | results | ""Compared with patients in the T1D<25 group, the risks of IHD, HF,…""","Results > Overall incidence densities and relative hazards of various cardiovascular complications and mortality | 100w | results | ""Compared with patients in the T1D<25 group, patients in the T1D25–39 group…""","Bibliographic fields, license and all dates: JATS XML for PMC12911675 in the PMC Open Access Subset, retrieved from the AWS Open Data mirror s3://pmc-oa-opendata (https://pmc-oa-opendata.s3.amazonaws.com/). Dates recorded in that XML: history[accepted]=2026-01-16; history[received]=2025-06-22; pub-date[collection]=2026; pub-date[epub]=2026-02-16. Paragraph counts, word counts, section paths, opening words and table/figure dependence: computed from the same XML by scripts/screen_pmc_article.py. Design, population, exposure, outcome: the article's own Abstract and Methods sections in that XML. Earliest-public-date evidence: see earliest_public_date_evidence. Article page: https://pmc.ncbi.nlm.nih.gov/articles/PMC12911675/"
CP-005,Exploring the impact of the Index of Multiple Deprivation on percutaneous coronary intervention outcomes: Insights from the British Cardiovascular Intervention Society database,Saluja Sushant; Keavney Bernard D.; Alawami Mohammed; El-Omar Magdi; Keshavarzi Freidoon; Saleem Maaham; Garg Scott; Anderson Simon G.,Global Cardiology Science & Practice,10.21542/gcsp.2025.4,PMC12085925,https://pmc.ncbi.nlm.nih.gov/articles/PMC12085925/,ccbylicense — https://creativecommons.org/licenses/by/4.0/,retrospective analysis of a national procedural registry (British Cardiovascular Intervention Society database),cardiovascular epidemiology — socioeconomic deprivation and PCI outcomes,"437,024 patients undergoing PCI in the UK, 2007-2014, 1.78 million person-years of follow-up",Index of Multiple Deprivation quintile,30-day all-cause mortality (primary); 1-year and 5-year mortality (secondary),2025-02-28,"No epub date in the JATS record; JATS pub-date[ppub]=2025-02-28; Glob Cardiol Sci Pract 2025 (DOI 10.21542/gcsp.2025.4), journal page confirms 28 February 2025; history[received]=2024-10-13, history[accepted]=2025-01-30; targeted preprint search returned no earlier posting",yes,3 (+1 at 221-350w),5 (+0 at 221-350w),2 (+0 at 221-350w),yes,low (6% of body paragraphs reference or embed a table/figure),low,strong,"Absence of a separate online-first date means the earliest public date rests on a single source (the journal's stated issue date). Discussion paragraphs are unusually short (many 40-110 w), so interpretation targets are limited to idx 22 and 29-32. Four limitation paragraphs are available, all in the preferred band.","Results | 117w | results | ""During the study period, the mortality rate at a median 3.5-year follow-up…""","Results | 160w | results | ""From a procedural perspective, patients from the most deprived quintile (Q5) underwent…""","Results | 158w | results | ""Among 437,024 eligible patients, with 1.78 million person-years of follow-up, 39.9% underwent…""","Bibliographic fields, license and all dates: JATS XML for PMC12085925 in the PMC Open Access Subset, retrieved from the AWS Open Data mirror s3://pmc-oa-opendata (https://pmc-oa-opendata.s3.amazonaws.com/). Dates recorded in that XML: history[accepted]=2025-01-30; history[received]=2024-10-13; pub-date[collection]=2025-02-28; pub-date[pub]=2025-02-28. Paragraph counts, word counts, section paths, opening words and table/figure dependence: computed from the same XML by scripts/screen_pmc_article.py. Design, population, exposure, outcome: the article's own Abstract and Methods sections in that XML. Earliest-public-date evidence: see earliest_public_date_evidence. Article page: https://pmc.ncbi.nlm.nih.gov/articles/PMC12085925/"
CP-006,Association between balance ability and cardiovascular disease onsets among middle-aged and older adults: an observational cohort study from the China Health and Retirement Longitudinal Study,Lin Yinghe; Zhong Shanshan; Sun Zhihua,Frontiers in Public Health,10.3389/fpubh.2025.1436520,PMC11802414,https://pmc.ncbi.nlm.nih.gov/articles/PMC11802414/,ccbylicense — https://creativecommons.org/licenses/by/4.0/,observational cohort analysis of a national longitudinal survey (China Health and Retirement Longitudinal Study),cardiovascular epidemiology — physical function and incident CVD,"10,154 CHARLS participants aged >=45 years without CVD at baseline (2011), followed to 2018",standing balance ability (semi-tandem stand test),incident cardiovascular disease (physician-diagnosed heart disease and/or stroke),2025-01-24,JATS pub-date[epub]=2025-01-24; Front Public Health 2025 (DOI 10.3389/fpubh.2025.1436520); Frontiers does not post public author preprints during review; targeted preprint search returned no earlier posting,yes,4 (+0 at 221-350w),4 (+0 at 221-350w),1 (+0 at 221-350w),yes,low (11% of body paragraphs reference or embed a table/figure),low,strong,"Outcome is self-reported physician-diagnosed CVD, which the annotator must preserve as a measurement qualifier. Exposure is a physical-function measure rather than a classical cardiometabolic exposure, though the outcome and cohort are squarely cardiovascular. Limitation (idx 26, 124 w) and strengths (idx 25, 115 w) paragraphs are both in the preferred band.","Results > Baseline characteristics of all participants by the outcome of CVD | 111w | results | ""Compared with participants without incident CVD, those with incident CVD were more…""","Results > Longitudinal analysis between baseline balance test and incident CVD | 118w | results | ""The result of the baseline balance test demonstrated significant associations with CVD…""","Discussion | 173w | interpretation | ""Balance ability, an essential physical measurement, is associated with death from all…""","Bibliographic fields, license and all dates: JATS XML for PMC11802414 in the PMC Open Access Subset, retrieved from the AWS Open Data mirror s3://pmc-oa-opendata (https://pmc-oa-opendata.s3.amazonaws.com/). Dates recorded in that XML: history[accepted]=2025-01-13; history[received]=2024-05-22; pub-date[collection]=2025; pub-date[epub]=2025-01-24. Paragraph counts, word counts, section paths, opening words and table/figure dependence: computed from the same XML by scripts/screen_pmc_article.py. Design, population, exposure, outcome: the article's own Abstract and Methods sections in that XML. Earliest-public-date evidence: see earliest_public_date_evidence. Article page: https://pmc.ncbi.nlm.nih.gov/articles/PMC11802414/"
CP-007,"Comparison of outpatient attendance, cardiovascular risk management and cardiovascular health across preCOVID-19, during and postCOVID-19 periods: a prospective cohort study",Zondag Anna G M; Haitjema Saskia; de Groot Mark C H; de Boer Annemarijn R; van Solinge Wouter W; Bots Michiel L; Vernooij Robin W M,BMJ Open,10.1136/bmjopen-2024-092374,PMC12273069,https://pmc.ncbi.nlm.nih.gov/articles/PMC12273069/,ccbylicense — https://creativecommons.org/licenses/by/4.0/,prospective cohort built from routine EHR data at a tertiary centre,cardiovascular epidemiology — cardiovascular risk management and health-service disruption,"15,143 adults at high cardiovascular risk attending outpatient departments at UMC Utrecht, March 2019 - December 2022",calendar period relative to COVID-19 lockdowns (preCOVID-19 / during / postCOVID-19),"outpatient attendance, CVRM guideline-indicator extractability, and Life's Essential 8 cardiovascular health",2025-07-16,"JATS pub-date[epub]=2025-07-16; BMJ Open 2025 (DOI 10.1136/bmjopen-2024-092374); history[received]=2024-08-13, history[accepted]=2025-06-20; BMJ Open does not auto-post preprints; targeted preprint search returned no earlier posting",yes,4 (+0 at 221-350w),2 (+2 at 221-350w),0 (+1 at 221-350w),yes,medium (22% of body paragraphs reference or embed a table/figure),medium,strong,"Received 2024-08-13 predates the cutoff, but submission is not public appearance; the earliest verifiable public version is the 2025-07-16 online publication. Results paragraphs are short (four in the 100-220 band, none above 140 w), so this paper is better suited to interpretation and limitation slots. Limitation paragraph (idx 30, 314 w) needs explicit length justification; Discussion idx 25 (379 w) exceeds the 350-word ceiling.","Results > OPD attendance > Follow-up appointments over time, overall and by OPD | 130w | results | ""While, in general, we observed a decrease in the number of first…""","Results > OPD attendance > Association between the COVID-19 period and CVH of the patients | 139w | results | ""The results were stratified by OPD, as OPD modified the association between…""","Discussion > Explanation and comparison with existing literature | 263w | interpretation | ""Furthermore, measures adopted in hospitals may also have influenced the OPD capacity.…""","Bibliographic fields, license and all dates: JATS XML for PMC12273069 in the PMC Open Access Subset, retrieved from the AWS Open Data mirror s3://pmc-oa-opendata (https://pmc-oa-opendata.s3.amazonaws.com/). Dates recorded in that XML: history[accepted]=2025-06-20; history[received]=2024-08-13; pub-date[collection]=2025; pub-date[epub]=2025-07-16. Paragraph counts, word counts, section paths, opening words and table/figure dependence: computed from the same XML by scripts/screen_pmc_article.py. Design, population, exposure, outcome: the article's own Abstract and Methods sections in that XML. Earliest-public-date evidence: see earliest_public_date_evidence. Article page: https://pmc.ncbi.nlm.nih.gov/articles/PMC12273069/"
CP-008,Risk of Coronary Artery Disease Associated With Transitions in Metabolic Health in a Clinical Cohort of 69 272,Shuey Megan M.; Levinson Rebecca T.; Vogel Megan E.; Farber‐Eger Eric; Huang Shi; Harrel Frank E.; Hasty Alyssa H.; Brown Jonathan D.; Silver Heidi J.; Koethe John R.; Beckman Joshua A.; Brown Nancy J.; Niswender Kevin D.; Cox Nancy J.; Wells Quinn S.,Journal of the American Heart Association: Cardiovascular and Cerebrovascular Disease,10.1161/JAHA.124.037597,PMC12748521,https://pmc.ncbi.nlm.nih.gov/articles/PMC12748521/,ccbyncndlicense — https://creativecommons.org/licenses/by-nc-nd/4.0/,retrospective EHR-based cohort (Vanderbilt COMMODORE resource; time-to-event analysis),metabolic epidemiology — metabolic health transitions and coronary artery disease,"844,841 adults in a quaternary-centre EHR resource; 69,272 met inclusion for the time-to-event analysis",body mass index category and transition from metabolic health to metabolic dysfunction during a 3-year run-in,incident coronary artery disease,2025-11-11,"JATS pub-date[epub]=2025-11-11; J Am Heart Assoc 2025 (DOI 10.1161/JAHA.124.037597); history[received]=2024-08-01, history[accepted]=2025-06-20; targeted preprint search returned no earlier posting",yes,4 (+2 at 221-350w),3 (+3 at 221-350w),1 (+1 at 221-350w),yes,medium (25% of body paragraphs reference or embed a table/figure),medium,possible,Received 2024-08-01 predates the cutoff and the group presents at AHA Scientific Sessions; a pre-cutoff AHA congress abstract of the same analysis was not found but also cannot be positively ruled out from the sources reachable here. 'What Is New?' box (paragraph 0) restates headline findings and is a leakage hazard. 25% of paragraphs carry a table/figure reference or embedded object.,"Results > Preexisting Metabolic Abnormalities and Incident Coronary Artery Disease Risk | 221w | results | ""There were 69 272 individuals who met inclusion criteria for time‐to‐event analysis.…""","Results > Lability of Metabolic Health and Incident Coronary Artery Disease Risk | 221w | results | ""A substantial number of subjects developed metabolic abnormalities during the 3‐year run‐in…""","Discussion | 200w | interpretation | ""Although this work focuses on the impacts of obesity and metabolic dysregulation…""","Bibliographic fields, license and all dates: JATS XML for PMC12748521 in the PMC Open Access Subset, retrieved from the AWS Open Data mirror s3://pmc-oa-opendata (https://pmc-oa-opendata.s3.amazonaws.com/). Dates recorded in that XML: history[accepted]=2025-06-20; history[received]=2024-08-01; pub-date[collection]=2025-12-02; pub-date[epub]=2025-11-11. Paragraph counts, word counts, section paths, opening words and table/figure dependence: computed from the same XML by scripts/screen_pmc_article.py. Design, population, exposure, outcome: the article's own Abstract and Methods sections in that XML. Earliest-public-date evidence: see earliest_public_date_evidence. Article page: https://pmc.ncbi.nlm.nih.gov/articles/PMC12748521/"
CP-009,Attributable burden of steatotic liver disease on cardiovascular outcomes in Asia,Yin Szu-Ching; Chen Yi-Ting; Chang Wei-Ting; Chen Tzu-I; Yang Tsai-Hsuan; Liu Xia-Rong; Huang Chia-Wei; Chen Yu-Wei; Lee Mei-Hsuan,JHEP Reports,10.1016/j.jhepr.2025.101479,PMC12341586,https://pmc.ncbi.nlm.nih.gov/articles/PMC12341586/,ccbylicense — https://creativecommons.org/licenses/by/4.0/,prospective cohort of health-examination attendees linked to the Taiwan National Health Insurance database and death registry,metabolic and cardiovascular epidemiology — steatotic liver disease and CVD,"303,589 adults aged >=30 years in Taiwan examined 1997-2013 and followed to 2020 (median 10.4 years)","steatotic liver disease subtype (MASLD, MetALD, ALD) by ultrasound plus cardiometabolic criteria","incident cardiovascular events, lifetime risk, and population attributable fractions",2025-06-06,"JATS pub-date[epub]=2025-06-06; JHEP Rep 2025 (DOI 10.1016/j.jhepr.2025.101479); history[received]=2025-01-06 post-dates the cutoff, so no pre-cutoff version can exist; targeted preprint search returned no earlier posting",yes,4 (+0 at 221-350w),6 (+1 at 221-350w),0 (+0 at 221-350w),yes,medium (21% of body paragraphs reference or embed a table/figure),medium,possible,"No dedicated limitations section: limitation content is dispersed inside Discussion paragraphs, so this paper cannot supply a limitation target. Results paragraphs are short and many open with an explicit table or figure pointer, which weakens prose-carried claims. Population attributable fraction claims require the annotator to distinguish attributable burden from relative risk.","Results > Incidence rates and lifetime risks of cardiovascular diseases for MASLD, MetALD, and ALD | 108w | results | ""Participants with MetALD had even higher incidence rates, reaching 7,898.1 per 100,000…""","Results > Relative risks of cardiovascular diseases for MASLD, MetALD, and ALD | 95w | results | ""The magnitude of risk increased across the SLD spectrum. The adjusted RR…""","Discussion | 204w | interpretation | ""Although the terminology has evolved from non-alcoholic fatty liver disease to MASLD,…""","Bibliographic fields, license and all dates: JATS XML for PMC12341586 in the PMC Open Access Subset, retrieved from the AWS Open Data mirror s3://pmc-oa-opendata (https://pmc-oa-opendata.s3.amazonaws.com/). Dates recorded in that XML: history[accepted]=2025-06-02; history[received]=2025-01-06; history[rev-recd]=2025-05-26; pub-date[collection]=2025-09; pub-date[epub]=2025-06-06. Paragraph counts, word counts, section paths, opening words and table/figure dependence: computed from the same XML by scripts/screen_pmc_article.py. Design, population, exposure, outcome: the article's own Abstract and Methods sections in that XML. Earliest-public-date evidence: see earliest_public_date_evidence. Article page: https://pmc.ncbi.nlm.nih.gov/articles/PMC12341586/"
CP-010,Association of the triglyceride-glucose index with cardiovascular outcomes across cardiovascular-kidney-metabolic syndrome stages,Kim Byung Sik; Kim Hyun-Jin; Moon Shinje; Kim Hasung; Lee Jungkuk; Shin Jeong-Hun,The Korean Journal of Internal Medicine,10.3904/kjim.2025.082,PMC12611492,https://pmc.ncbi.nlm.nih.gov/articles/PMC12611492/,ccbynclicense — https://creativecommons.org/licenses/by-nc/4.0/,retrospective cohort using national health-screening and claims data (Korean National Health Insurance Database),metabolic and cardiovascular epidemiology — insulin resistance and CKM syndrome,"1,497,913 adults enrolled in the Korean National Health Insurance Database, 2009-2012",triglyceride-glucose (TyG) index tertile within cardiovascular-kidney-metabolic syndrome stage,"composite of all-cause mortality, myocardial infarction and stroke",2025-10-31,"JATS pub-date[epub]=2025-10-31; Korean J Intern Med 2025;40(6); history[received]=2025-03-10 post-dates the cutoff, so no pre-cutoff version can exist; targeted preprint search returned no earlier posting",yes,1 (+1 at 221-350w),4 (+1 at 221-350w),0 (+0 at 221-350w),yes,medium (20% of body paragraphs reference or embed a table/figure),medium,possible,No usable limitation paragraph: strengths and limitations are fused into a single 395-word Discussion paragraph (idx 21) that exceeds the 350-word ceiling. Results idx 14 is 410 w and also unusable. A 'KEY MESSAGE' boxed-text block (idx 23-25) restates conclusions and is a leakage hazard. Usable inventory is therefore Results idx 12-13 and interpretation idx 18-20 only.,"RESULTS > Baseline characteristics | 221w | results | ""Table 1 presents the baseline characteristics of the study population stratified by…""","RESULTS > Clinical outcomes according to TyG index across CKM syndrome stages | 122w | results | ""Figure 2 illustrates the Kaplan–Meier survival curves for the composite primary outcomes…""","DISCUSSION | 212w | interpretation | ""CKM syndrome represents a complex, multidirectional interplay between metabolic risk factors, CKD,…""","Bibliographic fields, license and all dates: JATS XML for PMC12611492 in the PMC Open Access Subset, retrieved from the AWS Open Data mirror s3://pmc-oa-opendata (https://pmc-oa-opendata.s3.amazonaws.com/). Dates recorded in that XML: history[accepted]=2025-06-24; history[received]=2025-03-10; history[rev-recd]=2025-05-24; pub-date[epub]=2025-10-31; pub-date[ppub]=2025-11. Paragraph counts, word counts, section paths, opening words and table/figure dependence: computed from the same XML by scripts/screen_pmc_article.py. Design, population, exposure, outcome: the article's own Abstract and Methods sections in that XML. Earliest-public-date evidence: see earliest_public_date_evidence. Article page: https://pmc.ncbi.nlm.nih.gov/articles/PMC12611492/"
CP-011,All-cause mortality and cardiovascular outcomes with glucagon-like peptide-1 receptor agonists in patients with type 2 diabetes and heart failure with reduced ejection fraction,Vignarajah Aravinthan; Oro Peter; El Dahdah Joseph; Vigneswaramoorthy Nishanthi; Vest Amanda R.; Shah Gautam,American Heart Journal Plus: Cardiology Research and Practice,10.1016/j.ahjo.2025.100676,PMC12664052,https://pmc.ncbi.nlm.nih.gov/articles/PMC12664052/,ccbylicense — https://creativecommons.org/licenses/by/4.0/,retrospective active-comparator new-user cohort in a federated EHR network (TriNetX),metabolic and cardiovascular epidemiology — glucose-lowering therapy and heart failure outcomes,adults with type 2 diabetes and left ventricular ejection fraction <=40% in the TriNetX Research Network,GLP-1 receptor agonist initiation versus DPP-4 inhibitor initiation (propensity-score matched 1:1),"all-cause mortality (primary); AMI, heart failure exacerbation, arrhythmia, all-cause hospitalisation",2025-11-13,"JATS pub-date[epub]=2025-11-13; Am Heart J Plus 2025 (DOI in record); history[received]=2025-09-09 post-dates the cutoff, so no pre-cutoff version can exist; targeted preprint search returned no earlier posting",yes,1 (+0 at 221-350w),6 (+1 at 221-350w),1 (+0 at 221-350w),yes,high (38% of body paragraphs reference or embed a table/figure),medium,possible,"38% of paragraphs carry a table/figure reference or embedded object — the highest table dependence in the inventory. Results paragraphs are almost all below 100 words (only idx 14 at 173 w reaches the preferred band), so this paper realistically supplies interpretation and limitation targets only. Limitation paragraph (idx 23, 212 w) is well formed.","Results > Subgroup analysis | 173w | results | ""The beneficial association of GLP-1 RA therapy with mortality and cardiovascular outcomes…""","Discussions | 281w | interpretation | ""The findings of our study align with the composite and individual cardiovascular…""","Discussions | 141w | interpretation | ""Our study tries to fill these gaps in evidence that remain unexplored…""","Bibliographic fields, license and all dates: JATS XML for PMC12664052 in the PMC Open Access Subset, retrieved from the AWS Open Data mirror s3://pmc-oa-opendata (https://pmc-oa-opendata.s3.amazonaws.com/). Dates recorded in that XML: history[accepted]=2025-11-11; history[received]=2025-09-09; history[rev-recd]=2025-10-28; pub-date[collection]=2025-12; pub-date[epub]=2025-11-13. Paragraph counts, word counts, section paths, opening words and table/figure dependence: computed from the same XML by scripts/screen_pmc_article.py. Design, population, exposure, outcome: the article's own Abstract and Methods sections in that XML. Earliest-public-date evidence: see earliest_public_date_evidence. Article page: https://pmc.ncbi.nlm.nih.gov/articles/PMC12664052/"
CP-012,Hypertensive disorders of pregnancy and gestational diabetes mellitus and predicted risk of maternal cardiovascular disease 10–14 years after delivery: A prospective cohort,Venkatesh Kartik K.; Grobman William A.; Wu Jiqiang; Shah Nilay S.; Pencina Michael; Costantine Maged M.; Landon Mark B.; Catalano Patrick; Lowe William L.; Scholtens Denise M.; Khan Sadiya S.,Diabetic Medicine,10.1111/dme.15516,PMC12005981,https://pmc.ncbi.nlm.nih.gov/articles/PMC12005981/,ccbynclicense — https://creativecommons.org/licenses/by-nc/4.0/,secondary analysis of an international prospective cohort (HAPO Follow-Up Study),metabolic and cardiovascular epidemiology — adverse pregnancy outcomes and later cardiovascular risk,"4,576 individuals from 10 international HAPO Follow-Up Study sites, assessed 10-14 years after delivery",hypertensive disorders of pregnancy and gestational diabetes mellitus (untreated; IADPSG criteria),10-year and 30-year predicted risk of atherosclerotic cardiovascular disease,2025-01-17,"JATS pub-date[epub]=2025-01-17; Diabet Med 2025 (DOI in record); history[received]=2024-09-06, history[accepted]=2025-01-04; targeted preprint search returned no earlier posting",yes,3 (+0 at 221-350w),1 (+1 at 221-350w),0 (+1 at 221-350w),yes,low (11% of body paragraphs reference or embed a table/figure),medium,possible,"The outcome is a predicted risk score rather than an observed cardiovascular event. This is not a risk-score development or validation paper, so it is not strictly excluded, but every scored claim would be a claim about a surrogate and the annotator must encode that epistemic status. Results paragraphs are thin (three in the 100-220 band, none above 113 w). Limitation paragraph (idx 31, 282 w) needs explicit length justification.","RESULTS | 106w | results | ""Among 4697 individuals in the HAPO FUS, 121 (2.6%) were excluded because…""","RESULTS | 103w | results | ""In multivariable analyses, individuals who experienced HDP (least mean square [LSE]: 2.9%…""","RESULTS | 113w | results | ""Similarly, when the predicted 10‐year risk of ASCVD was assessed as a…""","Bibliographic fields, license and all dates: JATS XML for PMC12005981 in the PMC Open Access Subset, retrieved from the AWS Open Data mirror s3://pmc-oa-opendata (https://pmc-oa-opendata.s3.amazonaws.com/). Dates recorded in that XML: history[accepted]=2025-01-04; history[received]=2024-09-06; history[rev-recd]=2025-01-02; pub-date[epub]=2025-01-17; pub-date[ppub]=2025-05. Paragraph counts, word counts, section paths, opening words and table/figure dependence: computed from the same XML by scripts/screen_pmc_article.py. Design, population, exposure, outcome: the article's own Abstract and Methods sections in that XML. Earliest-public-date evidence: see earliest_public_date_evidence. Article page: https://pmc.ncbi.nlm.nih.gov/articles/PMC12005981/"
CP-013,Sex Differences in Long-term Outcomes Following Coronary Artery Bypass Grafting: A Nationwide Population-Based Propensity Score-Matched Cohort Study,Lim Suk Kyung; Jeong Yong Ho; Kim Yun Jin; Cho Yongil; Jang Hyo Jun; Cho Yang Hyun; Sung Kiick; Kim Wook Sung; Kim Joon Bum; Kim Hee Jung; Lee Jun Ho,Journal of Korean Medical Science,10.3346/jkms.2026.41.e161,PMC13387849,https://pmc.ncbi.nlm.nih.gov/articles/PMC13387849/,ccbynclicense — https://creativecommons.org/licenses/by-nc/4.0/,nationwide population-based propensity-score-matched cohort using Korean National Health Insurance data,cardiovascular epidemiology — coronary artery bypass grafting outcomes,adults undergoing isolated CABG in South Korea,sex after propensity-score matching,"overall mortality (primary); cardiac mortality, stroke, myocardial infarction, and repeat revascularisation",2026-04-09,JATS pub-date[epub]=2026-04-09; Crossref DOI 10.3346/jkms.2026.41.e161; multi-source metadata cross-check in data/interim/metadata-crosscheck.csv,yes,2 (+0 at 221-350w),6 (+0 at 221-350w),1 (+0 at 221-350w),yes,medium (25% of body paragraphs reference or embed a table/figure),medium,strong,"Received 2024-10-06, so pre-cutoff congress exposure cannot be ruled out solely from submission history; no mapped medRxiv/bioRxiv preprint was found. Two Results, six interpretation, and one genuine limitation paragraph are in band.","RESULTS > Comparison of clinical outcomes according to sex in the overall cohort | 168w | results | ""Logistic and Cox proportional hazards regression analyses of factors associated with in-hospital…""","DISCUSSION | 198w | interpretation | ""In this study, the female group was a significant predictor of better…""","DISCUSSION | 131w | interpretation | ""Our study results, which indicate higher long-term mortality in male patients compared…""","Bibliographic fields, license and all dates: JATS XML for PMC13387849 in the PMC Open Access Subset, retrieved from the AWS Open Data mirror s3://pmc-oa-opendata (https://pmc-oa-opendata.s3.amazonaws.com/). Dates recorded in that XML: history[accepted]=2025-11-10; history[received]=2024-10-06; pub-date[collection]=2026-07-20; pub-date[epub]=2026-04-09. Paragraph counts, word counts, section paths, opening words and table/figure dependence: computed from the same XML by scripts/screen_pmc_article.py. Design, population, exposure, outcome: the article's own Abstract and Methods sections in that XML. Earliest-public-date evidence: see earliest_public_date_evidence. Article page: https://pmc.ncbi.nlm.nih.gov/articles/PMC13387849/"
CP-014,Health-Related Digital Engagement and Incident Stroke Among Older Adults: Prospective Cohort Study,Zhou Sufeng; Zhang Ruixuan; Qi Haijun; Luo Hongbo; Zou Yuanlin; Zhou Yuyang; Zhou Yi; Yang Feiyan,Journal of Medical Internet Research,10.2196/93631,PMC13336533,https://pmc.ncbi.nlm.nih.gov/articles/PMC13336533/,ccbylicense — https://creativecommons.org/licenses/by/4.0/,prospective cohort using the nationally representative US National Health and Aging Trends Study,cardiovascular epidemiology — digital engagement and incident stroke,community-dwelling older Medicare beneficiaries without prior stroke,health-related digital engagement index,incident stroke during longitudinal follow-up,2026-07-06,JATS pub-date[epub]=2026-07-06; Crossref DOI 10.2196/93631; history[received]=2026-02-16 and multi-source metadata cross-check in data/interim/metadata-crosscheck.csv,yes,4 (+1 at 221-350w),6 (+0 at 221-350w),3 (+0 at 221-350w),yes,low (16% of body paragraphs reference or embed a table/figure),low,strong,"Self-reported digital behaviours and residual socioeconomic confounding must be preserved as qualifiers. Four Results, six interpretation, and three limitation-classified paragraphs are in band.","Results > Association Between HDEI and Incident Stroke | 121w | results | ""Results from the 4 nested models are presented in Table 2. In…""","Results > Sensitivity Analyses | 160w | results | ""Three additional prespecified sensitivity analyses further supported the stability of the model…""","Discussion > Principal Findings | 159w | interpretation | ""In this prospective cohort of community-dwelling older adults followed for up to…""","Bibliographic fields, license and all dates: JATS XML for PMC13336533 in the PMC Open Access Subset, retrieved from the AWS Open Data mirror s3://pmc-oa-opendata (https://pmc-oa-opendata.s3.amazonaws.com/). Dates recorded in that XML: history[accepted]=2026-06-09; history[received]=2026-02-16; history[rev-recd]=2026-06-08; pub-date[collection]=2026; pub-date[epub]=2026-07-06. Paragraph counts, word counts, section paths, opening words and table/figure dependence: computed from the same XML by scripts/screen_pmc_article.py. Design, population, exposure, outcome: the article's own Abstract and Methods sections in that XML. Earliest-public-date evidence: see earliest_public_date_evidence. Article page: https://pmc.ncbi.nlm.nih.gov/articles/PMC13336533/"
CP-015,Renal and Cardiovascular Complications Following Type 2 Diabetes Mellitus in People With and Without HIV: Data From the Cohort Study on Morbidity and HIV in Sweden (COSMOHS) Between 2010 and 2024,Killander Möller Isabela; Wagner Philippe; Brännström Johanna; Bäckdahl Tintin; Elvstam Olof; Gisslén Magnus; Hedberg Pontus; Mellgren Åsa; Månsson Fredrik; Nauclér Pontus; Nilsson Josefin; Nowak Piotr; Sparén Pär; Eliasson Björn; Carlander Christina,Clinical Infectious Diseases: An Official Publication of the Infectious Diseases Society of America,10.1093/cid/ciag261,PMC13341244,https://pmc.ncbi.nlm.nih.gov/articles/PMC13341244/,ccbylicense — https://creativecommons.org/licenses/by/4.0/,nationwide Swedish registry cohort (COSMOHS) with matched people with and without HIV,metabolic and cardiovascular epidemiology — complications after type 2 diabetes,people diagnosed with type 2 diabetes in Sweden from 2010-2024,HIV status,renal and cardiovascular complications after type 2 diabetes diagnosis,2026-04-18,JATS pub-date[epub]=2026-04-18; Crossref DOI 10.1093/cid/ciag261; history[received]=2026-01-10 and multi-source metadata cross-check in data/interim/metadata-crosscheck.csv,yes,2 (+0 at 221-350w),5 (+0 at 221-350w),1 (+0 at 221-350w),yes,medium (20% of body paragraphs reference or embed a table/figure),medium,strong,"The primary framing spans renal and cardiovascular complications, so target paragraphs must carry a cardiovascular or metabolic claim. Two Results, five interpretation, and one genuine limitation paragraph are in band.","RESULTS | 120w | results | ""Hazard ratios were estimated within BMI categories (<25, 25–29.9, and ≥30 kg/m2)…""","DISCUSSION | 114w | interpretation | ""This nationwide study, including all individuals diagnosed with T2DM in Sweden between…""","DISCUSSION | 130w | interpretation | ""Contrary to earlier findings, we did not identify a statistically significant increase…""","Bibliographic fields, license and all dates: JATS XML for PMC13341244 in the PMC Open Access Subset, retrieved from the AWS Open Data mirror s3://pmc-oa-opendata (https://pmc-oa-opendata.s3.amazonaws.com/). Dates recorded in that XML: history[accepted]=2026-04-06; history[corrected-typeset]=2026-05-11; history[received]=2026-01-10; pub-date[collection]=2026-06-15; pub-date[epub]=2026-04-18. Paragraph counts, word counts, section paths, opening words and table/figure dependence: computed from the same XML by scripts/screen_pmc_article.py. Design, population, exposure, outcome: the article's own Abstract and Methods sections in that XML. Earliest-public-date evidence: see earliest_public_date_evidence. Article page: https://pmc.ncbi.nlm.nih.gov/articles/PMC13341244/"
CP-016,Association Between Metabolic Dysfunction-Associated Steatotic Liver Disease and Risk of Aortic Aneurysm and Dissection: A Nationwide Cohort Study,Ha Na Kyung; Jeong Sang Seok,Journal of Clinical Medicine,10.3390/jcm15145453,PMC13411413,https://pmc.ncbi.nlm.nih.gov/articles/PMC13411413/,ccbylicense — https://creativecommons.org/licenses/by/4.0/,nationwide Korean health-screening cohort,metabolic and cardiovascular epidemiology — MASLD and aortic disease,"240,074 Korean health-screening participants after exclusions",metabolic dysfunction-associated steatotic liver disease,incident aortic aneurysm and aortic dissection,2026-07-12,JATS pub-date[epub]=2026-07-12; Crossref DOI 10.3390/jcm15145453; history[received]=2026-06-13 and multi-source metadata cross-check in data/interim/metadata-crosscheck.csv,yes,2 (+0 at 221-350w),3 (+1 at 221-350w),2 (+0 at 221-350w),yes,low (15% of body paragraphs reference or embed a table/figure),medium,strong,"Fatty liver index is a surrogate for steatosis and must be preserved as a measurement qualifier. Two Results, three interpretation, and two limitation paragraphs are in band.","3. Results > 3.3. Sensitivity Analyses | 177w | results | ""We evaluated the robustness of the findings by repeating the main analyses…""","4. Discussion | 126w | interpretation | ""In this Korean nationwide health-screening cohort, MASLD was associated with higher risks…""","4. Discussion | 196w | interpretation | ""In this study, MASLD was associated with incident aortic disease in a…""","Bibliographic fields, license and all dates: JATS XML for PMC13411413 in the PMC Open Access Subset, retrieved from the AWS Open Data mirror s3://pmc-oa-opendata (https://pmc-oa-opendata.s3.amazonaws.com/). Dates recorded in that XML: history[accepted]=2026-07-10; history[received]=2026-06-13; history[rev-recd]=2026-07-06; pub-date[collection]=2026-07; pub-date[epub]=2026-07-12. Paragraph counts, word counts, section paths, opening words and table/figure dependence: computed from the same XML by scripts/screen_pmc_article.py. Design, population, exposure, outcome: the article's own Abstract and Methods sections in that XML. Earliest-public-date evidence: see earliest_public_date_evidence. Article page: https://pmc.ncbi.nlm.nih.gov/articles/PMC13411413/"
CP-017,Associations of Handgrip Strength Weakness and Asymmetry With New‐Onset Stroke in Middle‐Aged and Older Adults: A Prospective Cohort Study in Europe,Luo Pincheng; Lian Yanxue,Geriatrics & Gerontology International,10.1111/ggi.70622,PMC13310656,https://pmc.ncbi.nlm.nih.gov/articles/PMC13310656/,ccbynclicense — https://creativecommons.org/licenses/by-nc/4.0/,prospective cohort using eight waves of the Survey of Health Ageing and Retirement in Europe,cardiovascular epidemiology — physical function and incident stroke,European adults aged 50 years or older without prior stroke,handgrip weakness and handgrip asymmetry,new-onset self-reported physician-diagnosed stroke,2026-06-28,JATS pub-date[epub]=2026-06-28; Crossref DOI 10.1111/ggi.70622; history[received]=2026-04-09 and multi-source metadata cross-check in data/interim/metadata-crosscheck.csv,yes,4 (+0 at 221-350w),7 (+0 at 221-350w),0 (+1 at 221-350w),yes,low (13% of body paragraphs reference or embed a table/figure),low,strong,"Stroke is self-reported physician diagnosis and must remain qualified. Four Results and seven interpretation paragraphs are in band, but no genuine limitation paragraph is in the preferred band.","Result | 122w | results | ""In the joint analysis of handgrip weakness and asymmetry, participants with normal…""","Discussion | 130w | interpretation | ""In this large prospective cohort of European adults aged over 50 years,…""","Discussion | 159w | interpretation | ""The incidence rate of stroke in our cohort is comparable to that…""","Bibliographic fields, license and all dates: JATS XML for PMC13310656 in the PMC Open Access Subset, retrieved from the AWS Open Data mirror s3://pmc-oa-opendata (https://pmc-oa-opendata.s3.amazonaws.com/). Dates recorded in that XML: history[accepted]=2026-06-22; history[received]=2026-04-09; history[rev-recd]=2026-06-17; pub-date[epub]=2026-06-28; pub-date[ppub]=2026-07. Paragraph counts, word counts, section paths, opening words and table/figure dependence: computed from the same XML by scripts/screen_pmc_article.py. Design, population, exposure, outcome: the article's own Abstract and Methods sections in that XML. Earliest-public-date evidence: see earliest_public_date_evidence. Article page: https://pmc.ncbi.nlm.nih.gov/articles/PMC13310656/"
CP-018,The Effect of Glycemic Control on Cardiovascular Disease Progression in Adults With Early-Onset Type 2 Diabetes: A Longitudinal Cohort Analysis,Gilani Amna; Umar Khalid; Gilani Fatima; Ahmad Muhammad; Abbasi Mahnoor S; Yaseen Muhammad; Zeeshan Muhammad; Ullah Naqeeb; Waseem Aiman; Batool Fatima; Safdar Sundas,Cureus,10.7759/cureus.75058,PMC11695108,https://pmc.ncbi.nlm.nih.gov/articles/PMC11695108/,ccbylicense — https://creativecommons.org/licenses/by/4.0/,longitudinal cohort analysis,metabolic and cardiovascular epidemiology — glycemic control and CVD progression,470 adults with early-onset type 2 diabetes,glycemic control (HbA1c),cardiovascular risk factors and cardiovascular events,2024-12-03,JATS pub-date[pub]=2024-12-03; NCBI epubdate=2024-12-03; Crossref issued=2024-12-03; metadata cross-check in data/interim/metadata-crosscheck.csv,yes,5 (+0 at 221-350w),5 (+0 at 221-350w),1 (+0 at 221-350w),yes,low (12% of body paragraphs reference or embed a table/figure),medium,possible,"Previously excluded for month-only date uncertainty; exact independent records now place publication on 2024-12-03, two days after the frozen boundary. It is retained as a reserve rather than a top-ranked paper because of its proximity to the cutoff and single-centre design.","Results | 142w | results | ""The comparison of lipid profiles and blood pressure between participants with HbA1c…""","Results | 102w | results | ""Blood pressure parameters further underscored these disparities. Systolic blood pressure was significantly…""","Results | 138w | results | ""The multivariate analysis presented in Table 4 identifies significant predictors of cardiovascular…""","Bibliographic fields, license and all dates: JATS XML for PMC11695108 in the PMC Open Access Subset, retrieved from the AWS Open Data mirror s3://pmc-oa-opendata (https://pmc-oa-opendata.s3.amazonaws.com/). Dates recorded in that XML: history[accepted]=2024-12-03; pub-date[collection]=2024-12; pub-date[pub]=2024-12-03. Paragraph counts, word counts, section paths, opening words and table/figure dependence: computed from the same XML by scripts/screen_pmc_article.py. Design, population, exposure, outcome: the article's own Abstract and Methods sections in that XML. Earliest-public-date evidence: see earliest_public_date_evidence. Article page: https://pmc.ncbi.nlm.nih.gov/articles/PMC11695108/"
CP-019,Transition of nighttime sleep duration and sleep quality with incident cardiovascular disease among middle-aged and older adults: results from a national cohort study,Zhang Yuan; Guo Junhong; Hu Xiangming; Xie Hongbin,Archives of Public Health,10.1186/s13690-025-01577-5,PMC11969775,https://pmc.ncbi.nlm.nih.gov/articles/PMC11969775/,ccbyncndlicense — https://creativecommons.org/licenses/by-nc-nd/4.0/,national longitudinal cohort using CHARLS,cardiovascular epidemiology — sleep transitions and incident CVD,"7,958 middle-aged and older Chinese adults without baseline CVD",transition in nighttime sleep duration and sleep quality,incident cardiovascular disease,2025-04-04,JATS pub-date[epub]=2025-04-04; NCBI/Crossref/OpenAlex metadata agree; medRxiv/bioRxiv published-DOI lookup found no mapped preprint; metadata cross-check in data/interim/metadata-crosscheck.csv,yes,2 (+0 at 221-350w),3 (+1 at 221-350w),1 (+0 at 221-350w),yes,low (16% of body paragraphs reference or embed a table/figure),low,strong,"Previously excluded because an unverified search result suggested a preprint. The reproducible preprint mapping check found none, so it is date-cleared; absence from the two preprint servers does not prove no other repository version exists.","Results > The association of transition of nighttime sleep duration and sleep quality and cardiovascular disease | 127w | results | ""As shown in Table 3, compared to those with consistently optimal nighttime…""","Discussion | 101w | interpretation | ""From a national cohort study involving nearly 8,000 people followed over seven…""","Discussion | 181w | interpretation | ""To our knowledge, this is the first prospective study in an Asian…""","Bibliographic fields, license and all dates: JATS XML for PMC11969775 in the PMC Open Access Subset, retrieved from the AWS Open Data mirror s3://pmc-oa-opendata (https://pmc-oa-opendata.s3.amazonaws.com/). Dates recorded in that XML: history[accepted]=2025-03-24; history[received]=2024-11-05; pub-date[collection]=2025; pub-date[epub]=2025-04-04. Paragraph counts, word counts, section paths, opening words and table/figure dependence: computed from the same XML by scripts/screen_pmc_article.py. Design, population, exposure, outcome: the article's own Abstract and Methods sections in that XML. Earliest-public-date evidence: see earliest_public_date_evidence. Article page: https://pmc.ncbi.nlm.nih.gov/articles/PMC11969775/"
